{"actions":[{"actingAppId":"105ac870-e0a8-45e0-8bff-d5e4ad54c4bf","localId":"5500217","mappings":[{"dataType":"FIELD","fieldId":"2040","targetFieldId":"5517797"},{"dataType":"FIELD","fieldId":"2050","targetFieldId":"5517822"},{"dataType":"FIELD","fieldId":"2041","targetFieldId":"5500213"},{"dataType":"FIELD","fieldId":"2042","targetFieldId":"5517812"}],"name":"活動履歴を登録する","targetAppId":"b050958c-f5cf-46e9-91e1-a3b90c51f8d3"},{"actingAppId":"7a566f09-5351-4d62-8f05-605030db882e","localId":"5500181","mappings":[{"dataType":"FIELD","fieldId":"2019","targetFieldId":"2040"}],"name":"新規案件を登録する","targetAppId":"237b3170-08cf-4d58-934d-886648f0c9d6"},{"actingAppId":"7a566f09-5351-4d62-8f05-605030db882e","localId":"5517821","mappings":[{"dataType":"FIELD","fieldId":"2019","targetFieldId":"5517797"}],"name":"活動履歴を登録する","targetAppId":"b050958c-f5cf-46e9-91e1-a3b90c51f8d3"},{"actingAppId":"237b3170-08cf-4d58-934d-886648f0c9d6","localId":"5500217","mappings":[{"dataType":"FIELD","fieldId":"2040","targetFieldId":"5517797"},{"dataType":"FIELD","fieldId":"2050","targetFieldId":"5517822"},{"dataType":"FIELD","fieldId":"2041","targetFieldId":"5500213"},{"dataType":"FIELD","fieldId":"2042","targetFieldId":"5517812"}],"name":"活動履歴を登録する","targetAppId":"b050958c-f5cf-46e9-91e1-a3b90c51f8d3"}],"apps":[{"acl":{"app":[],"field":[],"record":[]},"app":null,"category":{"categories":[],"useCategory":"false"},"form":{"layout":"[{\"id\":null,\"type\":\"ROW\",\"isSubTable\":false,\"var\":null,\"controlList\":[{\"label\":\"\\u003Cdiv\\u003E\\u003Cfont color=\\\"#0b5394\\\" size=\\\"4\\\"\\u003E\\u003Cb style=\\\"\\\"\\u003E案件情報\\u003C/b\\u003E\\u003C/font\\u003E\\u003C/div\\u003E\",\"styleMap\":{\"width\":140},\"type\":\"LABEL\",\"formatted\":\"\\u003Cdiv\\u003E\\u003Cfont color=\\\"#0b5394\\\" size=\\\"4\\\"\\u003E\\u003Cb style=\\\"\\\"\\u003E案件情報\\u003C/b\\u003E\\u003C/font\\u003E\\u003C/div\\u003E\"}]},{\"id\":null,\"type\":\"ROW\",\"isSubTable\":false,\"var\":null,\"controlList\":[{\"isVirtical\":true,\"styleMap\":{\"width\":120},\"type\":\"RECORD_ID\",\"var\":\"レコード番号\",\"label\":\"レコード番号\"}]},{\"id\":null,\"type\":\"ROW\",\"isSubTable\":false,\"var\":null,\"controlList\":[{\"isVirtical\":true,\"styleMap\":{\"width\":350},\"type\":\"SINGLE_LINE_TEXT\",\"var\":\"顧客名\",\"label\":\"顧客名\"},{\"isVirtical\":true,\"styleMap\":{\"width\":142},\"type\":\"SINGLE_LINE_TEXT\",\"var\":\"部署名\",\"label\":\"部署名\"},{\"isVirtical\":true,\"styleMap\":{\"width\":259},\"type\":\"SINGLE_LINE_TEXT\",\"var\":\"担当者名\",\"label\":\"担当者名\"}]},{\"id\":null,\"type\":\"ROW\",\"isSubTable\":false,\"var\":null,\"controlList\":[{\"isVirtical\":true,\"styleMap\":{\"width\":492},\"type\":\"SINGLE_LINE_TEXT\",\"var\":\"案件名\",\"label\":\"案件名\"},{\"isVirtical\":true,\"styleMap\":{\"width\":140},\"type\":\"SINGLE_SELECT\",\"var\":\"確度\",\"label\":\"確度\"},{\"isVirtical\":true,\"styleMap\":{\"width\":117},\"type\":\"DATE\",\"var\":\"初回商談日\",\"label\":\"初回商談日\"}]},{\"id\":null,\"type\":\"ROW\",\"isSubTable\":false,\"var\":null,\"controlList\":[{\"isVirtical\":true,\"styleMap\":{\"width\":204},\"type\":\"SINGLE_SELECT\",\"var\":\"提案プラン\",\"label\":\"提案プラン\"},{\"isVirtical\":true,\"styleMap\":{\"width\":198},\"type\":\"MULTIPLE_SELECT\",\"var\":\"オプション\",\"label\":\"オプション\"},{\"isVirtical\":true,\"styleMap\":{\"width\":344},\"type\":\"USER_SELECT\",\"var\":\"商談担当者\",\"label\":\"商談担当者\"}]},{\"id\":null,\"type\":\"ROW\",\"isSubTable\":false,\"var\":null,\"controlList\":[{\"isVirtical\":true,\"styleMap\":{\"width\":149},\"type\":\"DECIMAL\",\"var\":\"プラン費用\",\"label\":\"プラン費用\"},{\"isVirtical\":true,\"styleMap\":{\"width\":149},\"type\":\"DECIMAL\",\"var\":\"オプション費用\",\"label\":\"オプション費用\"},{\"isVirtical\":true,\"styleMap\":{\"width\":191},\"type\":\"CALC\",\"var\":\"合計費用\",\"label\":\"合計費用\"},{\"isVirtical\":true,\"styleMap\":{\"width\":119},\"type\":\"DATE\",\"var\":\"受注予定日\",\"label\":\"受注予定日\"}]},{\"id\":null,\"type\":\"ROW\",\"isSubTable\":false,\"var\":null,\"controlList\":[{\"label\":\"\\u003Cdiv\\u003E\\u003Cb style=\\\"background-color:rgb( 255 , 242 , 204 )\\\"\\u003E購入内容&#xff08;詳細&#xff09;\\u003C/b\\u003E\\u003C/div\\u003E\",\"styleMap\":{\"width\":144},\"formatted\":\"\\u003Cdiv\\u003E\\u003Cb style=\\\"background-color:rgb( 255 , 242 , 204 )\\\"\\u003E購入内容（詳細）\\u003C/b\\u003E\\u003C/div\\u003E\",\"type\":\"LABEL\"}]},{\"id\":\"5738136\",\"type\":\"SUBTABLE\",\"isSubTable\":true,\"var\":\"Table\",\"controlList\":[{\"isVirtical\":true,\"styleMap\":{\"width\":196},\"type\":\"SINGLE_SELECT\",\"var\":\"カテゴリ\",\"label\":\"カテゴリ\"},{\"isVirtical\":true,\"styleMap\":{\"width\":148},\"type\":\"SINGLE_SELECT\",\"var\":\"製品\",\"label\":\"製品\"},{\"isVirtical\":true,\"styleMap\":{\"width\":117},\"type\":\"DECIMAL\",\"var\":\"単価\",\"label\":\"単価\"},{\"isVirtical\":true,\"styleMap\":{\"width\":109},\"type\":\"DECIMAL\",\"var\":\"ユーザー数\",\"label\":\"ユーザー数\"},{\"isVirtical\":true,\"styleMap\":{\"width\":118},\"type\":\"CALC\",\"var\":\"小計\",\"label\":\"小計\"}]},{\"id\":null,\"type\":\"ROW\",\"isSubTable\":false,\"var\":null,\"controlList\":[{\"label\":\"\\u003Cdiv\\u003E\\u003Cb style=\\\"background-color:rgb( 234 , 209 , 220 )\\\"\\u003Eカテゴリ別小計\\u003C/b\\u003E\\u003C/div\\u003E\",\"styleMap\":{\"width\":144},\"formatted\":\"\\u003Cdiv\\u003E\\u003Cb style=\\\"background-color:rgb( 234 , 209 , 220 )\\\"\\u003Eカテゴリ別小計\\u003C/b\\u003E\\u003C/div\\u003E\",\"type\":\"LABEL\"}]},{\"id\":null,\"type\":\"ROW\",\"isSubTable\":false,\"var\":null,\"controlList\":[{\"isVirtical\":true,\"styleMap\":{\"width\":134},\"type\":\"DECIMAL\",\"var\":\"ライセンス小計\",\"label\":\"ライセンス小計\"},{\"isVirtical\":true,\"styleMap\":{\"width\":140},\"type\":\"DECIMAL\",\"var\":\"オプション小計\",\"label\":\"オプション小計\"}]},{\"id\":null,\"type\":\"ROW\",\"isSubTable\":false,\"var\":null,\"controlList\":[{\"label\":\"\\u003Cdiv\\u003E\\u003Cb style=\\\"background-color:rgb( 217 , 210 , 233 )\\\"\\u003E合計\\u003C/b\\u003E\\u003C/div\\u003E\",\"styleMap\":{\"width\":144},\"formatted\":\"\\u003Cdiv\\u003E\\u003Cb style=\\\"background-color:rgb( 217 , 210 , 233 )\\\"\\u003E合計\\u003C/b\\u003E\\u003C/div\\u003E\",\"type\":\"LABEL\"}]},{\"id\":null,\"type\":\"ROW\",\"isSubTable\":false,\"var\":null,\"controlList\":[{\"isVirtical\":true,\"styleMap\":{\"width\":193},\"type\":\"CALC\",\"var\":\"合計金額\",\"label\":\"合計金額\"}]},{\"id\":null,\"type\":\"ROW\",\"isSubTable\":false,\"var\":null,\"controlList\":[{\"isVirtical\":true,\"styleMap\":{\"width\":746,\"height\":121,\"innerHeight\":84},\"type\":\"MULTIPLE_LINE_TEXT\",\"var\":\"詳細\",\"label\":\"詳細\"}]},{\"id\":null,\"type\":\"ROW\",\"isSubTable\":false,\"var\":null,\"controlList\":[{\"isVirtical\":true,\"styleMap\":{\"width\":207},\"type\":\"FILE\",\"var\":\"資料\",\"label\":\"資料\"}]},{\"id\":null,\"type\":\"ROW\",\"isSubTable\":false,\"var\":null,\"controlList\":[{\"isVirtical\":true,\"styleMap\":{},\"type\":\"REFERENCE_TABLE\",\"var\":\"案件に紐付く活動履歴\",\"label\":\"案件に紐付く活動履歴\"}]},{\"id\":null,\"type\":\"ROW\",\"isSubTable\":false,\"var\":null,\"controlList\":[{\"styleMap\":{\"width\":746},\"type\":\"HR\"}]},{\"id\":null,\"type\":\"ROW\",\"isSubTable\":false,\"var\":null,\"controlList\":[{\"isVirtical\":true,\"styleMap\":{\"width\":344},\"type\":\"DECIMAL\",\"var\":\"顧客管理レコード番号_関連レコード紐付け用\",\"label\":\"顧客管理レコード番号（関連レコード紐付け用）\"}]}]","revision":null},"iconMeta":{"internalName":null,"mime":"image/png","name":"案件管理.png"},"info":{"automaticallyChooseTitleComponent":"false","code":null,"decimalPrecision":"16","decimalScale":"4","description":"\u003Cdiv\u003E案件ごとに、受注の確度や金額はもちろん、商談の履歴も記録できるアプリです。\u003C/div\u003E   \u003Cdiv\u003E「顧客管理」アプリから、顧客の会社名や担当者名をルックアップして関連付けることができます。\u003C/div\u003E\u003Cdiv\u003E関連付けた案件のデータは「顧客管理」アプリからも確認できます。\u003C/div\u003E\u003Cdiv\u003E\u003Cbr /\u003E\u003C/div\u003E\u003Cdiv\u003E\u003Cdiv\u003E本アプリは「顧客管理」「活動履歴」と同じく、営業支援パックの構成アプリの一つです。\u003C/div\u003E\u003Cdiv\u003E営業支援パックの詳細説明は\u003Ca href=\"https://jp.cybozu.help/ja/k/user/sales_pack.html\" rel=\"nofollow\"\u003Eこちらのヘルプページ\u003C/a\u003Eをご参照ください。\u003C/div\u003E\u003C/div\u003E","enableBulkDeletion":"false","fiscalYearStartMonth":"4","iconKey":"10798","iconType":"BLOB","jsFiles":null,"jsScope":"ALL","name":"案件管理_Okinawa_LT","roundingMode":"HALF_EVEN","theme":"ITEM","titleComponentLocalId":"2050","useComment":"true","useHistory":"true","useThumbnail":"true"},"jsFiles":[{"jsFileMetas":[{"internalName":null,"locationType":"URL","mime":null,"name":null,"url":"https://js.cybozu.com/momentjs/2.15.1/moment.min.js"},{"internalName":null,"locationType":"URL","mime":null,"name":null,"url":"https://js.cybozu.com/momentjs/2.15.1/moment-with-locales.min.js"},{"internalName":null,"locationType":"URL","mime":null,"name":null,"url":"https://js.cybozu.com/jquery/2.2.4/jquery.min.js"},{"internalName":null,"locationType":"URL","mime":null,"name":null,"url":"https://js.cybozu.com/toastr/2.1.4/toastr.min.js"},{"internalName":null,"locationType":"BLOB","mime":"text/javascript","name":"devCamp.js","url":null}],"jsType":"DESKTOP"},{"jsFileMetas":[{"internalName":null,"locationType":"URL","mime":null,"name":null,"url":"https://js.cybozu.com/toastr/2.1.4/toastr.min.css"},{"internalName":null,"locationType":"BLOB","mime":"text/javascript","name":"devCamp.css","url":null}],"jsType":"DESKTOP_CSS"}],"notification":{"appNotifications":[{"events":["RECORD_COMMENT_ADDED"],"target":{"entityId":"2033","entityType":"FIELD_ENTITY","includeSubs":"false"}},{"events":["RECORD_COMMENT_ADDED"],"target":{"entityId":"2034","entityType":"FIELD_ENTITY","includeSubs":"false"}}],"recordNotifications":[],"reminderTimezone":null,"reminders":[],"useComment":"true","useReminder":"false"},"plugin":{"pluginIds":["fdeplpmkengkldpdlaiegpokgmaabkkb","abjbedflnhehjfapjbngflfacigmdmjo"]},"reports":[{"advancedMode":"false","filter":{"category":null,"offset":null,"order":[],"q":null,"size":null,"sort":[]},"isAborted":null,"name":"見込み金額（確度別）","processType":null,"report":"2063","reportType":"SUBTOTAL","revision":null,"settings":"{\"groups\":[{\"id\":\"2052\",\"op\":null}],\"summaries\":[{\"op\":\"SUM\",\"id\":\"2054\"}],\"chartType\":\"column\",\"stackType\":\"clustered\",\"sort\":[\"s0\"],\"order\":[\"DESC\"]}","tallyPeriod":null,"tallyStartDateTime":null}],"resource":{"tables":[{"rows":[{"fields":[],"objectId":"0","subObjectId":"-1"}],"type":"AppName"},{"rows":[{"fields":[],"objectId":"0","subObjectId":"-1"}],"type":"AppDescription"},{"rows":[{"fields":[],"objectId":"2032","subObjectId":"-1"},{"fields":[],"objectId":"2033","subObjectId":"-1"},{"fields":[],"objectId":"2034","subObjectId":"-1"},{"fields":[],"objectId":"2035","subObjectId":"-1"},{"fields":[],"objectId":"2036","subObjectId":"-1"},{"fields":[],"objectId":"2037","subObjectId":"-1"},{"fields":[],"objectId":"2038","subObjectId":"-1"},{"fields":[],"objectId":"2039","subObjectId":"-1"},{"fields":[],"objectId":"2040","subObjectId":"-1"},{"fields":[],"objectId":"2041","subObjectId":"-1"},{"fields":[],"objectId":"2042","subObjectId":"-1"},{"fields":[],"objectId":"2050","subObjectId":"-1"},{"fields":[],"objectId":"2051","subObjectId":"-1"},{"fields":[],"objectId":"2052","subObjectId":"-1"},{"fields":[],"objectId":"2052","subObjectId":"5500189"},{"fields":[],"objectId":"2052","subObjectId":"5500188"},{"fields":[],"objectId":"2052","subObjectId":"2046"},{"fields":[],"objectId":"2052","subObjectId":"2045"},{"fields":[],"objectId":"2052","subObjectId":"2044"},{"fields":[],"objectId":"2052","subObjectId":"2043"},{"fields":[],"objectId":"2053","subObjectId":"-1"},{"fields":[],"objectId":"2054","subObjectId":"-1"},{"fields":[],"objectId":"2055","subObjectId":"-1"},{"fields":[],"objectId":"5500195","subObjectId":"-1"},{"fields":[],"objectId":"5500195","subObjectId":"5500182"},{"fields":[],"objectId":"5500195","subObjectId":"5500183"},{"fields":[],"objectId":"5500195","subObjectId":"5517795"},{"fields":[],"objectId":"5500195","subObjectId":"5517794"},{"fields":[],"objectId":"5500196","subObjectId":"-1"},{"fields":[],"objectId":"5500196","subObjectId":"5500184"},{"fields":[],"objectId":"5500196","subObjectId":"5500185"},{"fields":[],"objectId":"5500196","subObjectId":"5500186"},{"fields":[],"objectId":"5500196","subObjectId":"5500187"},{"fields":[],"objectId":"5500197","subObjectId":"-1"},{"fields":[],"objectId":"5500198","subObjectId":"-1"},{"fields":[],"objectId":"5517796","subObjectId":"-1"},{"fields":[],"objectId":"5517835","subObjectId":"-1"},{"fields":[],"objectId":"5517967","subObjectId":"-1"},{"fields":[],"objectId":"5517976","subObjectId":"-1"},{"fields":[],"objectId":"5738136","subObjectId":"-1"},{"fields":[],"objectId":"5738131","subObjectId":"-1"},{"fields":[],"objectId":"5738131","subObjectId":"5738129"},{"fields":[],"objectId":"5738131","subObjectId":"5738130"},{"fields":[],"objectId":"5738132","subObjectId":"-1"},{"fields":[],"objectId":"5738132","subObjectId":"5738124"},{"fields":[],"objectId":"5738132","subObjectId":"5738125"},{"fields":[],"objectId":"5738132","subObjectId":"5738126"},{"fields":[],"objectId":"5738132","subObjectId":"5738140"},{"fields":[],"objectId":"5738133","subObjectId":"-1"},{"fields":[],"objectId":"5738134","subObjectId":"-1"},{"fields":[],"objectId":"5738135","subObjectId":"-1"},{"fields":[],"objectId":"5738137","subObjectId":"-1"},{"fields":[],"objectId":"5738138","subObjectId":"-1"},{"fields":[],"objectId":"5738139","subObjectId":"-1"}],"type":"FieldLabel"},{"rows":[{"fields":[],"objectId":"2059","subObjectId":"-1"},{"fields":[],"objectId":"5520202","subObjectId":"-1"},{"fields":[],"objectId":"20","subObjectId":"-1"}],"type":"ViewName"},{"rows":[{"fields":[],"objectId":"2063","subObjectId":"-1"}],"type":"ReportName"}]},"schema":{"groups":[],"revision":null,"subTable":{"5738136":{"fieldList":{"5738131":{"id":"5738131","label":"カテゴリ","properties":{"defaultValue":null,"noLabel":"false","options":[{"id":"5738129","label":"ライセンス","valid":true},{"id":"5738130","label":"オプション","valid":true}],"required":"false"},"type":"SINGLE_SELECT","var":"カテゴリ"},"5738132":{"id":"5738132","label":"製品","properties":{"defaultValue":null,"noLabel":"false","options":[{"id":"5738124","label":"kintone","valid":true},{"id":"5738125","label":"Garoon","valid":true},{"id":"5738126","label":"Office","valid":true},{"id":"5738140","label":"セキュアアクセス","valid":true}],"required":"false"},"type":"SINGLE_SELECT","var":"製品"},"5738133":{"id":"5738133","label":"単価","properties":{"defaultValue":"0","digit":"true","displayScale":null,"max":null,"min":null,"noLabel":"false","required":"false","roundingMode":null,"scale":null,"unique":"false","unit":"円","unitPosition":"AFTER"},"type":"DECIMAL","var":"単価"},"5738134":{"id":"5738134","label":"ユーザー数","properties":{"defaultValue":"0","digit":"false","displayScale":null,"max":null,"min":null,"noLabel":"false","required":"false","roundingMode":null,"scale":null,"unique":"false","unit":"","unitPosition":"BEFORE"},"type":"DECIMAL","var":"ユーザー数"},"5738135":{"id":"5738135","label":"小計","properties":{"displayScale":null,"expression":"単価*ユーザー数","format":"NUMBER_DIGIT","hideExpression":"false","noLabel":"false","required":"false","roundingMode":null,"scale":null,"unit":"円","unitPosition":"AFTER"},"type":"CALC","var":"小計"}},"id":"5738136","label":"Table","var":"Table"}},"table":{"fieldList":{"2032":{"id":"2032","label":"レコード番号","properties":{"noLabel":"false","required":"true"},"type":"RECORD_ID","var":"レコード番号"},"2033":{"id":"2033","label":"更新者","properties":{"noLabel":"false","required":"true"},"type":"MODIFIER","var":"更新者"},"2034":{"id":"2034","label":"作成者","properties":{"noLabel":"false","required":"true"},"type":"CREATOR","var":"作成者"},"2035":{"id":"2035","label":"更新日時","properties":{"noLabel":"false","required":"true"},"type":"MODIFIED_AT","var":"更新日時"},"2036":{"id":"2036","label":"作成日時","properties":{"noLabel":"false","required":"true"},"type":"CREATED_AT","var":"作成日時"},"2037":{"id":"2037","label":"ステータス","properties":{"noLabel":"false","required":"false"},"type":"STATUS","var":"ステータス"},"2038":{"id":"2038","label":"作業者","properties":{"noLabel":"false","required":"false"},"type":"STATUS_ASSIGNEE","var":"作業者"},"2039":{"id":"2039","label":"カテゴリー","properties":{"noLabel":"false","required":"false"},"type":"CATEGORY","var":"カテゴリー"},"2040":{"id":"2040","label":"顧客名","properties":{"defaultValue":"","expression":"","hideExpression":"false","max":null,"min":null,"noLabel":"false","required":"true","unique":"false"},"type":"SINGLE_LINE_TEXT","var":"顧客名"},"2041":{"id":"2041","label":"部署名","properties":{"defaultValue":"","expression":"","hideExpression":"false","max":null,"min":null,"noLabel":"false","required":"false","unique":"false"},"type":"SINGLE_LINE_TEXT","var":"部署名"},"2042":{"id":"2042","label":"担当者名","properties":{"defaultValue":"","expression":"","hideExpression":"false","max":null,"min":null,"noLabel":"false","required":"false","unique":"false"},"type":"SINGLE_LINE_TEXT","var":"担当者名"},"2050":{"id":"2050","label":"案件名","properties":{"defaultValue":"","expression":"","hideExpression":"false","max":"64","min":null,"noLabel":"false","required":"true","unique":"true"},"type":"SINGLE_LINE_TEXT","var":"案件名"},"2051":{"id":"2051","label":"詳細","properties":{"defaultValue":"","noLabel":"false","required":"false"},"type":"MULTIPLE_LINE_TEXT","var":"詳細"},"2052":{"id":"2052","label":"確度","properties":{"defaultValue":"5500189","noLabel":"false","options":[{"id":"5500189","label":"0%","valid":true},{"id":"5500188","label":"20%","valid":true},{"id":"2046","label":"40%","valid":true},{"id":"2045","label":"60%","valid":true},{"id":"2044","label":"80%","valid":true},{"id":"2043","label":"100%","valid":true}],"required":"true"},"type":"SINGLE_SELECT","var":"確度"},"2053":{"id":"2053","label":"受注予定日","properties":{"defaultExpression":null,"defaultValue":null,"noLabel":"false","required":"false","unique":"false"},"type":"DATE","var":"受注予定日"},"2054":{"id":"2054","label":"プラン費用","properties":{"defaultValue":"0","digit":"true","displayScale":null,"max":null,"min":null,"noLabel":"false","required":"false","roundingMode":null,"scale":null,"unique":"false","unit":"","unitPosition":"BEFORE"},"type":"DECIMAL","var":"プラン費用"},"2055":{"id":"2055","label":"商談担当者","properties":{"defaultEntities":[{"birthDate":null,"callto":"","code":"tomoko","ctime":"2015-04-13T07:46:00Z","dateTimeLocale":null,"description":"","email":"tomoko-miyake@cybozu.co.jp","employeeNumber":"1","employeeType":null,"entityType":"USER","extendedData":null,"extensionNumber":"","formattedDescription":"","givenName":"","givenNameReading":"","id":"1","initials":null,"isBuiltIn":false,"joinDate":null,"langLocale":null,"localName":"Tomoko Miyake","localNameLocale":"en","locale":"ja","middleName":null,"mobilePhone":"","mtime":"2019-11-27T15:23:18Z","name":"ミケ","numberLocale":null,"office":null,"phone":"","photo":{"small":"https://tomokomiyake.cybozu.com/api/user/photo.do/-/user.png?id=1&size=SMALL&hash=03c5fa20d6789c2c6e521f5cdb5740920b055524&.png","size_56":"https://tomokomiyake.cybozu.com/api/user/photo.do/-/user.png?id=1&size=SIZE_56&hash=03c5fa20d6789c2c6e521f5cdb5740920b055524&.png","normal":"https://tomokomiyake.cybozu.com/api/user/photo.do/-/user.png?id=1&size=NORMAL&hash=03c5fa20d6789c2c6e521f5cdb5740920b055524&.png","size_32":"https://tomokomiyake.cybozu.com/api/user/photo.do/-/user.png?id=1&size=SIZE_32&hash=03c5fa20d6789c2c6e521f5cdb5740920b055524&.png","original":"https://tomokomiyake.cybozu.com/api/user/photo.do/-/user.png?id=1&size=ORIGINAL&hash=03c5fa20d6789c2c6e521f5cdb5740920b055524&.png","original_r":"https://tomokomiyake.cybozu.com/api/user/photo.do/-/user.png?id=1&size=ORIGINAL_R&hash=03c5fa20d6789c2c6e521f5cdb5740920b055524&.png","size_40":"https://tomokomiyake.cybozu.com/api/user/photo.do/-/user.png?id=1&size=SIZE_40&hash=03c5fa20d6789c2c6e521f5cdb5740920b055524&.png","size_48_r":"https://tomokomiyake.cybozu.com/api/user/photo.do/-/user.png?id=1&size=SIZE_48_R&hash=03c5fa20d6789c2c6e521f5cdb5740920b055524&.png","size_48":"https://tomokomiyake.cybozu.com/api/user/photo.do/-/user.png?id=1&size=SIZE_48&hash=03c5fa20d6789c2c6e521f5cdb5740920b055524&.png","size_96_r":"https://tomokomiyake.cybozu.com/api/user/photo.do/-/user.png?id=1&size=SIZE_96_R&hash=03c5fa20d6789c2c6e521f5cdb5740920b055524&.png","size_24":"https://tomokomiyake.cybozu.com/api/user/photo.do/-/user.png?id=1&size=SIZE_24&hash=03c5fa20d6789c2c6e521f5cdb5740920b055524&.png"},"photoMd5":null,"photoMime":null,"primaryOrganization":null,"removed":false,"serviceFlags":null,"sortOrder":null,"surName":"","surNameReading":"","timezone":"Asia/Tokyo","url":"","valid":true}],"defaultSelect":[{"entityType":"LOGINUSER","id":"1","name":null}],"entities":[],"noLabel":"false","required":"false","select":[]},"type":"USER_SELECT","var":"商談担当者"},"5500195":{"id":"5500195","label":"提案プラン","properties":{"defaultValue":null,"noLabel":"false","options":[{"id":"5500182","label":"Aプラン","valid":true},{"id":"5500183","label":"Bプラン","valid":true},{"id":"5517795","label":"Cプラン","valid":true},{"id":"5517794","label":"その他","valid":true}],"required":"false"},"type":"SINGLE_SELECT","var":"提案プラン"},"5500196":{"id":"5500196","label":"オプション","properties":{"defaultValue":[],"noLabel":"false","options":[{"id":"5500184","label":"Xオプション","valid":true},{"id":"5500185","label":"Yオプション","valid":true},{"id":"5500186","label":"Zオプション","valid":true},{"id":"5500187","label":"sample4","valid":false}],"required":"false"},"type":"MULTIPLE_SELECT","var":"オプション"},"5500197":{"id":"5500197","label":"オプション費用","properties":{"defaultValue":"0","digit":"true","displayScale":null,"max":null,"min":null,"noLabel":"false","required":"false","roundingMode":null,"scale":null,"unique":"false","unit":"","unitPosition":"BEFORE"},"type":"DECIMAL","var":"オプション費用"},"5500198":{"id":"5500198","label":"初回商談日","properties":{"defaultExpression":"NOW","defaultValue":null,"noLabel":"false","required":"false","unique":"false"},"type":"DATE","var":"初回商談日"},"5517796":{"id":"5517796","label":"資料","properties":{"noLabel":"false","required":"false","thumbnailSize":"150"},"type":"FILE","var":"資料"},"5517835":{"id":"5517835","label":"合計費用","properties":{"displayScale":null,"expression":"プラン費用\u002Bオプション費用","format":"NUMBER_DIGIT","hideExpression":"false","noLabel":"false","required":"false","roundingMode":null,"scale":null,"unit":"","unitPosition":"BEFORE"},"type":"CALC","var":"合計費用"},"5517967":{"id":"5517967","label":"案件に紐付く活動履歴","properties":{"noLabel":"false","required":"false"},"type":"REFERENCE_TABLE","var":"案件に紐付く活動履歴"},"5517976":{"id":"5517976","label":"顧客管理レコード番号（関連レコード紐付け用）","properties":{"defaultValue":null,"digit":"false","displayScale":null,"max":null,"min":null,"noLabel":"false","required":"false","roundingMode":null,"scale":null,"unique":"false","unit":"","unitPosition":"BEFORE"},"type":"DECIMAL","var":"顧客管理レコード番号_関連レコード紐付け用"},"5738137":{"id":"5738137","label":"ライセンス小計","properties":{"defaultValue":"0","digit":"true","displayScale":null,"max":null,"min":null,"noLabel":"false","required":"false","roundingMode":null,"scale":null,"unique":"false","unit":"円","unitPosition":"AFTER"},"type":"DECIMAL","var":"ライセンス小計"},"5738138":{"id":"5738138","label":"オプション小計","properties":{"defaultValue":"0","digit":"true","displayScale":null,"max":null,"min":null,"noLabel":"false","required":"false","roundingMode":null,"scale":null,"unique":"false","unit":"円","unitPosition":"AFTER"},"type":"DECIMAL","var":"オプション小計"},"5738139":{"id":"5738139","label":"合計金額","properties":{"displayScale":null,"expression":"SUM(小計)","format":"NUMBER_DIGIT","hideExpression":"false","noLabel":"false","required":"false","roundingMode":null,"scale":null,"unit":"円","unitPosition":"AFTER"},"type":"CALC","var":"合計金額"}},"id":"1","label":"__ROOT__","var":"__ROOT__"}},"status":{"actions":[],"filters":[],"initialStateId":null,"states":[],"useStatus":"false"},"uuid":"105ac870-e0a8-45e0-8bff-d5e4ad54c4bf","views":[{"advancedMode":"false","builtinType":null,"device":null,"fields":[{"row":[{"id":"2040"},{"id":"2050"},{"id":"2052"},{"id":"2053"},{"id":"2054"},{"id":"2055"}]}],"filter":{"category":null,"offset":null,"order":["DESC"],"q":null,"size":null,"sort":["f2036"]},"html":null,"keyFieldId":null,"name":"案件一覧","pager":null,"revision":null,"titleFieldId":null,"view":"2059","viewType":"LIST"},{"advancedMode":"false","builtinType":null,"device":null,"fields":[{"row":[{"id":"2040"},{"id":"2050"},{"id":"2052"},{"id":"2053"},{"id":"2054"},{"id":"2055"}]}],"filter":{"category":null,"offset":null,"order":["DESC"],"q":"f2052 in (\"2043\")","size":null,"sort":["f2036"]},"html":null,"keyFieldId":null,"name":"受注済","pager":null,"revision":null,"titleFieldId":null,"view":"5520202","viewType":"LIST"},{"advancedMode":null,"builtinType":"ALL","device":null,"fields":[{"row":[{"id":"2032"},{"id":"2040"},{"id":"2041"},{"id":"2042"},{"id":"2050"},{"id":"2051"},{"id":"2052"},{"id":"2053"},{"id":"2054"},{"id":"2055"},{"id":"5500195"},{"id":"5500196"},{"id":"5500197"},{"id":"5500198"},{"id":"5517796"},{"id":"5517835"},{"id":"5517976"},{"id":"5738137"},{"id":"5738138"},{"id":"5738139"}]}],"filter":{"category":null,"offset":null,"order":[],"q":null,"size":null,"sort":[]},"html":null,"keyFieldId":null,"name":"（すべて）","pager":null,"revision":null,"titleFieldId":null,"view":"20","viewType":"LIST"}]},{"acl":{"app":[],"field":[],"record":[]},"app":null,"category":{"categories":[],"useCategory":"false"},"form":{"layout":"[{\"id\":null,\"type\":\"ROW\",\"isSubTable\":false,\"var\":null,\"controlList\":[{\"label\":\"\\u003Cdiv\\u003E\\u003Cb\\u003E\\u003Cfont color=\\\"#0b5394\\\" size=\\\"4\\\"\\u003E顧客管理\\u003C/font\\u003E\\u003C/b\\u003E\\u003C/div\\u003E\",\"styleMap\":{\"width\":104},\"formatted\":\"\\u003Cdiv\\u003E\\u003Cb\\u003E\\u003Cfont color=\\\"#0b5394\\\" size=\\\"4\\\"\\u003E顧客管理\\u003C/font\\u003E\\u003C/b\\u003E\\u003C/div\\u003E\",\"type\":\"LABEL\"}]},{\"id\":null,\"type\":\"ROW\",\"isSubTable\":false,\"var\":null,\"controlList\":[{\"isVirtical\":true,\"styleMap\":{\"width\":120},\"type\":\"RECORD_ID\",\"var\":\"レコード番号\",\"label\":\"レコード番号\"},{\"isVirtical\":true,\"styleMap\":{\"width\":136},\"type\":\"CREATOR\",\"var\":\"作成者\",\"label\":\"作成者\"},{\"isVirtical\":true,\"styleMap\":{\"width\":196},\"type\":\"CREATED_AT\",\"var\":\"作成日時\",\"label\":\"作成日時\"},{\"isVirtical\":true,\"styleMap\":{\"width\":136},\"type\":\"MODIFIER\",\"var\":\"更新者\",\"label\":\"更新者\"},{\"isVirtical\":true,\"styleMap\":{\"width\":196},\"type\":\"MODIFIED_AT\",\"var\":\"更新日時\",\"label\":\"更新日時\"}]},{\"id\":null,\"type\":\"ROW\",\"isSubTable\":false,\"var\":null,\"controlList\":[{\"isVirtical\":true,\"styleMap\":{\"width\":467},\"type\":\"SINGLE_LINE_TEXT\",\"var\":\"顧客名\",\"label\":\"顧客名\"},{\"isVirtical\":true,\"styleMap\":{\"width\":193},\"type\":\"SINGLE_LINE_TEXT\",\"var\":\"部署名\",\"label\":\"部署名\"}]},{\"id\":null,\"type\":\"ROW\",\"isSubTable\":false,\"var\":null,\"controlList\":[{\"isVirtical\":true,\"styleMap\":{\"width\":321},\"type\":\"SINGLE_LINE_TEXT\",\"var\":\"担当者名\",\"label\":\"担当者名\"}]},{\"id\":null,\"type\":\"ROW\",\"isSubTable\":false,\"var\":null,\"controlList\":[{\"isVirtical\":true,\"styleMap\":{\"width\":193},\"type\":\"SINGLE_LINE_TEXT\",\"var\":\"郵便番号\",\"label\":\"郵便番号\"},{\"isVirtical\":true,\"styleMap\":{\"width\":469},\"type\":\"SINGLE_LINE_TEXT\",\"var\":\"住所\",\"label\":\"住所\"}]},{\"id\":null,\"type\":\"ROW\",\"isSubTable\":false,\"var\":null,\"controlList\":[{\"isVirtical\":true,\"styleMap\":{\"width\":182},\"type\":\"LINK\",\"var\":\"TEL\",\"label\":\"TEL\"},{\"isVirtical\":true,\"styleMap\":{\"width\":174},\"type\":\"LINK\",\"var\":\"FAX\",\"label\":\"FAX\"},{\"isVirtical\":true,\"styleMap\":{\"width\":308},\"type\":\"LINK\",\"var\":\"メールアドレス\",\"label\":\"メールアドレス\"}]},{\"id\":null,\"type\":\"ROW\",\"isSubTable\":false,\"var\":null,\"controlList\":[{\"isVirtical\":true,\"styleMap\":{\"width\":662,\"height\":121,\"innerHeight\":84},\"type\":\"MULTIPLE_LINE_TEXT\",\"var\":\"備考\",\"label\":\"備考\"}]},{\"id\":null,\"type\":\"ROW\",\"isSubTable\":false,\"var\":null,\"controlList\":[{\"isVirtical\":true,\"styleMap\":{},\"type\":\"REFERENCE_TABLE\",\"var\":\"案件一覧\",\"label\":\"案件一覧\"}]},{\"id\":null,\"type\":\"ROW\",\"isSubTable\":false,\"var\":null,\"controlList\":[{\"isVirtical\":true,\"styleMap\":{},\"type\":\"REFERENCE_TABLE\",\"var\":\"活動履歴\",\"label\":\"活動履歴\"}]}]","revision":null},"iconMeta":{"internalName":null,"mime":"image/png","name":"顧客リスト.png"},"info":{"automaticallyChooseTitleComponent":"false","code":null,"decimalPrecision":"16","decimalScale":"4","description":"\u003Cdiv\u003E顧客名、担当者名、連絡先などお客様の情報を登録するアプリです。\u003C/div\u003E    \u003Cdiv\u003Eまた、このアプリの会社名と合致する「案件情報」アプリのレコード一覧を表示することができるので、\u003C/div\u003E\u003Cdiv\u003Eあるお客様の顧客情報と、その案件を1画面でまとめて確認できます。\u003C/div\u003E\u003Cdiv\u003E\u003Cbr /\u003E\u003C/div\u003E\u003Cdiv\u003E\u003Cdiv\u003E本アプリは「案件管理」「活動履歴」と同じく、営業支援パックの構成アプリの一つです。\u003C/div\u003E\u003Cdiv\u003E営業支援パックの詳細説明は\u003Ca href=\"https://jp.cybozu.help/ja/k/user/sales_pack.html\" rel=\"nofollow\"\u003Eこちらのヘルプページ\u003C/a\u003Eをご参照ください。\u003C/div\u003E\u003C/div\u003E","enableBulkDeletion":"false","fiscalYearStartMonth":"4","iconKey":"10802","iconType":"BLOB","jsFiles":null,"jsScope":"ALL","name":"顧客管理_Okinawa","roundingMode":"HALF_EVEN","theme":"PLAIN","titleComponentLocalId":"2019","useComment":"true","useHistory":"true","useThumbnail":"true"},"jsFiles":[],"notification":{"appNotifications":[{"events":["RECORD_COMMENT_ADDED"],"target":{"entityId":"2009","entityType":"FIELD_ENTITY","includeSubs":"false"}},{"events":["RECORD_COMMENT_ADDED"],"target":{"entityId":"2010","entityType":"FIELD_ENTITY","includeSubs":"false"}}],"recordNotifications":[],"reminderTimezone":null,"reminders":[],"useComment":"true","useReminder":"false"},"plugin":{"pluginIds":[]},"reports":[],"resource":{"tables":[{"rows":[{"fields":[],"objectId":"0","subObjectId":"-1"}],"type":"AppName"},{"rows":[{"fields":[],"objectId":"0","subObjectId":"-1"}],"type":"AppDescription"},{"rows":[{"fields":[],"objectId":"2008","subObjectId":"-1"},{"fields":[],"objectId":"2009","subObjectId":"-1"},{"fields":[],"objectId":"2010","subObjectId":"-1"},{"fields":[],"objectId":"2011","subObjectId":"-1"},{"fields":[],"objectId":"2012","subObjectId":"-1"},{"fields":[],"objectId":"2013","subObjectId":"-1"},{"fields":[],"objectId":"2014","subObjectId":"-1"},{"fields":[],"objectId":"2015","subObjectId":"-1"},{"fields":[],"objectId":"2019","subObjectId":"-1"},{"fields":[],"objectId":"2022","subObjectId":"-1"},{"fields":[],"objectId":"2024","subObjectId":"-1"},{"fields":[],"objectId":"2025","subObjectId":"-1"},{"fields":[],"objectId":"2026","subObjectId":"-1"},{"fields":[],"objectId":"2027","subObjectId":"-1"},{"fields":[],"objectId":"2028","subObjectId":"-1"},{"fields":[],"objectId":"2029","subObjectId":"-1"},{"fields":[],"objectId":"2060","subObjectId":"-1"},{"fields":[],"objectId":"5517818","subObjectId":"-1"},{"fields":[],"objectId":"5517966","subObjectId":"-1"}],"type":"FieldLabel"},{"rows":[{"fields":[],"objectId":"2031","subObjectId":"-1"},{"fields":[],"objectId":"20","subObjectId":"-1"}],"type":"ViewName"}]},"schema":{"groups":[],"revision":null,"subTable":{},"table":{"fieldList":{"2008":{"id":"2008","label":"レコード番号","properties":{"noLabel":"false","required":"true"},"type":"RECORD_ID","var":"レコード番号"},"2009":{"id":"2009","label":"更新者","properties":{"noLabel":"false","required":"true"},"type":"MODIFIER","var":"更新者"},"2010":{"id":"2010","label":"作成者","properties":{"noLabel":"false","required":"true"},"type":"CREATOR","var":"作成者"},"2011":{"id":"2011","label":"更新日時","properties":{"noLabel":"false","required":"true"},"type":"MODIFIED_AT","var":"更新日時"},"2012":{"id":"2012","label":"作成日時","properties":{"noLabel":"false","required":"true"},"type":"CREATED_AT","var":"作成日時"},"2013":{"id":"2013","label":"ステータス","properties":{"noLabel":"false","required":"false"},"type":"STATUS","var":"ステータス"},"2014":{"id":"2014","label":"作業者","properties":{"noLabel":"false","required":"false"},"type":"STATUS_ASSIGNEE","var":"作業者"},"2015":{"id":"2015","label":"カテゴリー","properties":{"noLabel":"false","required":"false"},"type":"CATEGORY","var":"カテゴリー"},"2019":{"id":"2019","label":"顧客名","properties":{"defaultValue":"","expression":"","hideExpression":"false","max":"64","min":null,"noLabel":"false","required":"false","unique":"true"},"type":"SINGLE_LINE_TEXT","var":"顧客名"},"2022":{"id":"2022","label":"部署名","properties":{"defaultValue":"","expression":"","hideExpression":"false","max":null,"min":null,"noLabel":"false","required":"false","unique":"false"},"type":"SINGLE_LINE_TEXT","var":"部署名"},"2024":{"id":"2024","label":"郵便番号","properties":{"defaultValue":"","expression":"","hideExpression":"false","max":null,"min":null,"noLabel":"false","required":"false","unique":"false"},"type":"SINGLE_LINE_TEXT","var":"郵便番号"},"2025":{"id":"2025","label":"住所","properties":{"defaultValue":"","expression":"","hideExpression":"false","max":null,"min":null,"noLabel":"false","required":"false","unique":"false"},"type":"SINGLE_LINE_TEXT","var":"住所"},"2026":{"id":"2026","label":"TEL","properties":{"defaultValue":"","max":null,"min":null,"noLabel":"false","protocol":"CALL","required":"false","unique":"false"},"type":"LINK","var":"TEL"},"2027":{"id":"2027","label":"FAX","properties":{"defaultValue":"","max":null,"min":null,"noLabel":"false","protocol":"CALL","required":"false","unique":"false"},"type":"LINK","var":"FAX"},"2028":{"id":"2028","label":"メールアドレス","properties":{"defaultValue":"","max":null,"min":null,"noLabel":"false","protocol":"MAIL","required":"false","unique":"false"},"type":"LINK","var":"メールアドレス"},"2029":{"id":"2029","label":"備考","properties":{"defaultValue":"","noLabel":"false","required":"false"},"type":"MULTIPLE_LINE_TEXT","var":"備考"},"2060":{"id":"2060","label":"案件一覧","properties":{"noLabel":"false","required":"false"},"type":"REFERENCE_TABLE","var":"案件一覧"},"5517818":{"id":"5517818","label":"活動履歴","properties":{"noLabel":"false","required":"false"},"type":"REFERENCE_TABLE","var":"活動履歴"},"5517966":{"id":"5517966","label":"担当者名","properties":{"defaultValue":"","expression":"","hideExpression":"false","max":null,"min":null,"noLabel":"false","required":"false","unique":"false"},"type":"SINGLE_LINE_TEXT","var":"担当者名"}},"id":"1","label":"__ROOT__","var":"__ROOT__"}},"status":{"actions":[],"filters":[],"initialStateId":null,"states":[],"useStatus":"false"},"uuid":"7a566f09-5351-4d62-8f05-605030db882e","views":[{"advancedMode":"false","builtinType":null,"device":null,"fields":[{"row":[{"id":"2019"},{"id":"2022"},{"id":"2026"},{"id":"2028"},{"id":"2024"},{"id":"2025"}]}],"filter":{"category":null,"offset":null,"order":["DESC"],"q":null,"size":null,"sort":["f2012"]},"html":null,"keyFieldId":null,"name":"顧客一覧","pager":null,"revision":null,"titleFieldId":null,"view":"2031","viewType":"LIST"},{"advancedMode":null,"builtinType":"ALL","device":null,"fields":[{"row":[{"id":"2008"},{"id":"2019"},{"id":"2022"},{"id":"2024"},{"id":"2025"},{"id":"2026"},{"id":"2027"},{"id":"2028"},{"id":"2029"},{"id":"5517966"}]}],"filter":{"category":null,"offset":null,"order":[],"q":null,"size":null,"sort":[]},"html":null,"keyFieldId":null,"name":"（すべて）","pager":null,"revision":null,"titleFieldId":null,"view":"20","viewType":"LIST"}]},{"acl":{"app":[],"field":[],"record":[]},"app":null,"category":{"categories":[],"useCategory":"false"},"form":{"layout":"[{\"id\":null,\"type\":\"ROW\",\"isSubTable\":false,\"var\":null,\"controlList\":[{\"label\":\"\\u003Cdiv\\u003E\\u003Cfont color=\\\"#0b5394\\\" size=\\\"4\\\"\\u003E\\u003Cb style=\\\"\\\"\\u003E案件情報\\u003C/b\\u003E\\u003C/font\\u003E\\u003C/div\\u003E\",\"styleMap\":{\"width\":140},\"type\":\"LABEL\",\"formatted\":\"\\u003Cdiv\\u003E\\u003Cfont color=\\\"#0b5394\\\" size=\\\"4\\\"\\u003E\\u003Cb style=\\\"\\\"\\u003E案件情報\\u003C/b\\u003E\\u003C/font\\u003E\\u003C/div\\u003E\"}]},{\"id\":null,\"type\":\"ROW\",\"isSubTable\":false,\"var\":null,\"controlList\":[{\"isVirtical\":true,\"styleMap\":{\"width\":120},\"type\":\"RECORD_ID\",\"var\":\"レコード番号\",\"label\":\"レコード番号\"}]},{\"id\":null,\"type\":\"ROW\",\"isSubTable\":false,\"var\":null,\"controlList\":[{\"isVirtical\":true,\"styleMap\":{\"width\":350},\"type\":\"SINGLE_LINE_TEXT\",\"var\":\"顧客名\",\"label\":\"顧客名\"},{\"isVirtical\":true,\"styleMap\":{\"width\":142},\"type\":\"SINGLE_LINE_TEXT\",\"var\":\"部署名\",\"label\":\"部署名\"},{\"isVirtical\":true,\"styleMap\":{\"width\":259},\"type\":\"SINGLE_LINE_TEXT\",\"var\":\"担当者名\",\"label\":\"担当者名\"}]},{\"id\":null,\"type\":\"ROW\",\"isSubTable\":false,\"var\":null,\"controlList\":[{\"isVirtical\":true,\"styleMap\":{\"width\":492},\"type\":\"SINGLE_LINE_TEXT\",\"var\":\"案件名\",\"label\":\"案件名\"},{\"isVirtical\":true,\"styleMap\":{\"width\":140},\"type\":\"SINGLE_SELECT\",\"var\":\"確度\",\"label\":\"確度\"},{\"isVirtical\":true,\"styleMap\":{\"width\":117},\"type\":\"DATE\",\"var\":\"初回商談日\",\"label\":\"初回商談日\"}]},{\"id\":null,\"type\":\"ROW\",\"isSubTable\":false,\"var\":null,\"controlList\":[{\"isVirtical\":true,\"styleMap\":{\"width\":204},\"type\":\"SINGLE_SELECT\",\"var\":\"提案プラン\",\"label\":\"提案プラン\"},{\"isVirtical\":true,\"styleMap\":{\"width\":198},\"type\":\"MULTIPLE_SELECT\",\"var\":\"オプション\",\"label\":\"オプション\"},{\"isVirtical\":true,\"styleMap\":{\"width\":344},\"type\":\"USER_SELECT\",\"var\":\"商談担当者\",\"label\":\"商談担当者\"}]},{\"id\":null,\"type\":\"ROW\",\"isSubTable\":false,\"var\":null,\"controlList\":[{\"isVirtical\":true,\"styleMap\":{\"width\":149},\"type\":\"DECIMAL\",\"var\":\"プラン費用\",\"label\":\"プラン費用\"},{\"isVirtical\":true,\"styleMap\":{\"width\":149},\"type\":\"DECIMAL\",\"var\":\"オプション費用\",\"label\":\"オプション費用\"},{\"isVirtical\":true,\"styleMap\":{\"width\":191},\"type\":\"CALC\",\"var\":\"合計費用\",\"label\":\"合計費用\"},{\"isVirtical\":true,\"styleMap\":{\"width\":119},\"type\":\"DATE\",\"var\":\"受注予定日\",\"label\":\"受注予定日\"}]},{\"id\":null,\"type\":\"ROW\",\"isSubTable\":false,\"var\":null,\"controlList\":[{\"label\":\"\\u003Cdiv\\u003E\\u003Cb style=\\\"background-color:rgb( 255 , 242 , 204 )\\\"\\u003E購入内容&#xff08;詳細&#xff09;\\u003C/b\\u003E\\u003C/div\\u003E\",\"styleMap\":{\"width\":144},\"formatted\":\"\\u003Cdiv\\u003E\\u003Cb style=\\\"background-color:rgb( 255 , 242 , 204 )\\\"\\u003E購入内容（詳細）\\u003C/b\\u003E\\u003C/div\\u003E\",\"type\":\"LABEL\"}]},{\"id\":\"5738136\",\"type\":\"SUBTABLE\",\"isSubTable\":true,\"var\":\"Table\",\"controlList\":[{\"isVirtical\":true,\"styleMap\":{\"width\":196},\"type\":\"SINGLE_SELECT\",\"var\":\"カテゴリ\",\"label\":\"カテゴリ\"},{\"isVirtical\":true,\"styleMap\":{\"width\":148},\"type\":\"SINGLE_SELECT\",\"var\":\"製品\",\"label\":\"製品\"},{\"isVirtical\":true,\"styleMap\":{\"width\":117},\"type\":\"DECIMAL\",\"var\":\"単価\",\"label\":\"単価\"},{\"isVirtical\":true,\"styleMap\":{\"width\":109},\"type\":\"DECIMAL\",\"var\":\"ユーザー数\",\"label\":\"ユーザー数\"},{\"isVirtical\":true,\"styleMap\":{\"width\":118},\"type\":\"CALC\",\"var\":\"小計\",\"label\":\"小計\"}]},{\"id\":null,\"type\":\"ROW\",\"isSubTable\":false,\"var\":null,\"controlList\":[{\"label\":\"\\u003Cdiv\\u003E\\u003Cb style=\\\"background-color:rgb( 234 , 209 , 220 )\\\"\\u003Eカテゴリ別小計\\u003C/b\\u003E\\u003C/div\\u003E\",\"styleMap\":{\"width\":144},\"formatted\":\"\\u003Cdiv\\u003E\\u003Cb style=\\\"background-color:rgb( 234 , 209 , 220 )\\\"\\u003Eカテゴリ別小計\\u003C/b\\u003E\\u003C/div\\u003E\",\"type\":\"LABEL\"}]},{\"id\":null,\"type\":\"ROW\",\"isSubTable\":false,\"var\":null,\"controlList\":[{\"isVirtical\":true,\"styleMap\":{\"width\":134},\"type\":\"DECIMAL\",\"var\":\"ライセンス小計\",\"label\":\"ライセンス小計\"},{\"isVirtical\":true,\"styleMap\":{\"width\":140},\"type\":\"DECIMAL\",\"var\":\"オプション小計\",\"label\":\"オプション小計\"}]},{\"id\":null,\"type\":\"ROW\",\"isSubTable\":false,\"var\":null,\"controlList\":[{\"label\":\"\\u003Cdiv\\u003E\\u003Cb style=\\\"background-color:rgb( 217 , 210 , 233 )\\\"\\u003E合計\\u003C/b\\u003E\\u003C/div\\u003E\",\"styleMap\":{\"width\":144},\"formatted\":\"\\u003Cdiv\\u003E\\u003Cb style=\\\"background-color:rgb( 217 , 210 , 233 )\\\"\\u003E合計\\u003C/b\\u003E\\u003C/div\\u003E\",\"type\":\"LABEL\"}]},{\"id\":null,\"type\":\"ROW\",\"isSubTable\":false,\"var\":null,\"controlList\":[{\"isVirtical\":true,\"styleMap\":{\"width\":193},\"type\":\"CALC\",\"var\":\"合計金額\",\"label\":\"合計金額\"}]},{\"id\":null,\"type\":\"ROW\",\"isSubTable\":false,\"var\":null,\"controlList\":[{\"isVirtical\":true,\"styleMap\":{\"width\":746,\"height\":121,\"innerHeight\":84},\"type\":\"MULTIPLE_LINE_TEXT\",\"var\":\"詳細\",\"label\":\"詳細\"}]},{\"id\":null,\"type\":\"ROW\",\"isSubTable\":false,\"var\":null,\"controlList\":[{\"isVirtical\":true,\"styleMap\":{\"width\":207},\"type\":\"FILE\",\"var\":\"資料\",\"label\":\"資料\"}]},{\"id\":null,\"type\":\"ROW\",\"isSubTable\":false,\"var\":null,\"controlList\":[{\"isVirtical\":true,\"styleMap\":{},\"type\":\"REFERENCE_TABLE\",\"var\":\"案件に紐付く活動履歴\",\"label\":\"案件に紐付く活動履歴\"}]},{\"id\":null,\"type\":\"ROW\",\"isSubTable\":false,\"var\":null,\"controlList\":[{\"styleMap\":{\"width\":746},\"type\":\"HR\"}]},{\"id\":null,\"type\":\"ROW\",\"isSubTable\":false,\"var\":null,\"controlList\":[{\"isVirtical\":true,\"styleMap\":{\"width\":344},\"type\":\"DECIMAL\",\"var\":\"顧客管理レコード番号_関連レコード紐付け用\",\"label\":\"顧客管理レコード番号（関連レコード紐付け用）\"}]}]","revision":null},"iconMeta":{"internalName":null,"mime":"image/png","name":"案件管理.png"},"info":{"automaticallyChooseTitleComponent":"false","code":null,"decimalPrecision":"16","decimalScale":"4","description":"\u003Cdiv\u003E案件ごとに、受注の確度や金額はもちろん、商談の履歴も記録できるアプリです。\u003C/div\u003E   \u003Cdiv\u003E「顧客管理」アプリから、顧客の会社名や担当者名をルックアップして関連付けることができます。\u003C/div\u003E\u003Cdiv\u003E関連付けた案件のデータは「顧客管理」アプリからも確認できます。\u003C/div\u003E\u003Cdiv\u003E\u003Cbr /\u003E\u003C/div\u003E\u003Cdiv\u003E\u003Cdiv\u003E本アプリは「顧客管理」「活動履歴」と同じく、営業支援パックの構成アプリの一つです。\u003C/div\u003E\u003Cdiv\u003E営業支援パックの詳細説明は\u003Ca href=\"https://jp.cybozu.help/ja/k/user/sales_pack.html\" rel=\"nofollow\"\u003Eこちらのヘルプページ\u003C/a\u003Eをご参照ください。\u003C/div\u003E\u003C/div\u003E","enableBulkDeletion":"false","fiscalYearStartMonth":"4","iconKey":"10804","iconType":"BLOB","jsFiles":null,"jsScope":"ALL","name":"案件管理_Okinawa","roundingMode":"HALF_EVEN","theme":"ITEM","titleComponentLocalId":"2050","useComment":"true","useHistory":"true","useThumbnail":"true"},"jsFiles":[{"jsFileMetas":[{"internalName":null,"locationType":"URL","mime":null,"name":null,"url":"https://js.cybozu.com/momentjs/2.15.1/moment.min.js"},{"internalName":null,"locationType":"URL","mime":null,"name":null,"url":"https://js.cybozu.com/momentjs/2.15.1/moment-with-locales.min.js"},{"internalName":null,"locationType":"URL","mime":null,"name":null,"url":"https://js.cybozu.com/jquery/2.2.4/jquery.min.js"},{"internalName":null,"locationType":"URL","mime":null,"name":null,"url":"https://js.cybozu.com/toastr/2.1.4/toastr.min.js"},{"internalName":null,"locationType":"BLOB","mime":"text/javascript","name":"devCamp.js","url":null}],"jsType":"DESKTOP"},{"jsFileMetas":[{"internalName":null,"locationType":"URL","mime":null,"name":null,"url":"https://js.cybozu.com/toastr/2.1.4/toastr.min.css"},{"internalName":null,"locationType":"BLOB","mime":"text/javascript","name":"devCamp.css","url":null}],"jsType":"DESKTOP_CSS"}],"notification":{"appNotifications":[{"events":["RECORD_COMMENT_ADDED"],"target":{"entityId":"2033","entityType":"FIELD_ENTITY","includeSubs":"false"}},{"events":["RECORD_COMMENT_ADDED"],"target":{"entityId":"2034","entityType":"FIELD_ENTITY","includeSubs":"false"}}],"recordNotifications":[],"reminderTimezone":null,"reminders":[],"useComment":"true","useReminder":"false"},"plugin":{"pluginIds":["fdeplpmkengkldpdlaiegpokgmaabkkb","abjbedflnhehjfapjbngflfacigmdmjo"]},"reports":[{"advancedMode":"false","filter":{"category":null,"offset":null,"order":[],"q":null,"size":null,"sort":[]},"isAborted":null,"name":"見込み金額（確度別）","processType":null,"report":"2063","reportType":"SUBTOTAL","revision":null,"settings":"{\"groups\":[{\"id\":\"2052\",\"op\":null}],\"summaries\":[{\"op\":\"SUM\",\"id\":\"2054\"}],\"chartType\":\"column\",\"stackType\":\"clustered\",\"sort\":[\"s0\"],\"order\":[\"DESC\"]}","tallyPeriod":null,"tallyStartDateTime":null}],"resource":{"tables":[{"rows":[{"fields":[],"objectId":"0","subObjectId":"-1"}],"type":"AppName"},{"rows":[{"fields":[],"objectId":"0","subObjectId":"-1"}],"type":"AppDescription"},{"rows":[{"fields":[],"objectId":"2032","subObjectId":"-1"},{"fields":[],"objectId":"2033","subObjectId":"-1"},{"fields":[],"objectId":"2034","subObjectId":"-1"},{"fields":[],"objectId":"2035","subObjectId":"-1"},{"fields":[],"objectId":"2036","subObjectId":"-1"},{"fields":[],"objectId":"2037","subObjectId":"-1"},{"fields":[],"objectId":"2038","subObjectId":"-1"},{"fields":[],"objectId":"2039","subObjectId":"-1"},{"fields":[],"objectId":"2040","subObjectId":"-1"},{"fields":[],"objectId":"2041","subObjectId":"-1"},{"fields":[],"objectId":"2042","subObjectId":"-1"},{"fields":[],"objectId":"2050","subObjectId":"-1"},{"fields":[],"objectId":"2051","subObjectId":"-1"},{"fields":[],"objectId":"2052","subObjectId":"-1"},{"fields":[],"objectId":"2052","subObjectId":"5500189"},{"fields":[],"objectId":"2052","subObjectId":"5500188"},{"fields":[],"objectId":"2052","subObjectId":"2046"},{"fields":[],"objectId":"2052","subObjectId":"2045"},{"fields":[],"objectId":"2052","subObjectId":"2044"},{"fields":[],"objectId":"2052","subObjectId":"2043"},{"fields":[],"objectId":"2053","subObjectId":"-1"},{"fields":[],"objectId":"2054","subObjectId":"-1"},{"fields":[],"objectId":"2055","subObjectId":"-1"},{"fields":[],"objectId":"5500195","subObjectId":"-1"},{"fields":[],"objectId":"5500195","subObjectId":"5500182"},{"fields":[],"objectId":"5500195","subObjectId":"5500183"},{"fields":[],"objectId":"5500195","subObjectId":"5517795"},{"fields":[],"objectId":"5500195","subObjectId":"5517794"},{"fields":[],"objectId":"5500196","subObjectId":"-1"},{"fields":[],"objectId":"5500196","subObjectId":"5500184"},{"fields":[],"objectId":"5500196","subObjectId":"5500185"},{"fields":[],"objectId":"5500196","subObjectId":"5500186"},{"fields":[],"objectId":"5500196","subObjectId":"5500187"},{"fields":[],"objectId":"5500197","subObjectId":"-1"},{"fields":[],"objectId":"5500198","subObjectId":"-1"},{"fields":[],"objectId":"5517796","subObjectId":"-1"},{"fields":[],"objectId":"5517835","subObjectId":"-1"},{"fields":[],"objectId":"5517967","subObjectId":"-1"},{"fields":[],"objectId":"5517976","subObjectId":"-1"},{"fields":[],"objectId":"5738136","subObjectId":"-1"},{"fields":[],"objectId":"5738131","subObjectId":"-1"},{"fields":[],"objectId":"5738131","subObjectId":"5738129"},{"fields":[],"objectId":"5738131","subObjectId":"5738130"},{"fields":[],"objectId":"5738132","subObjectId":"-1"},{"fields":[],"objectId":"5738132","subObjectId":"5738124"},{"fields":[],"objectId":"5738132","subObjectId":"5738125"},{"fields":[],"objectId":"5738132","subObjectId":"5738126"},{"fields":[],"objectId":"5738132","subObjectId":"5738140"},{"fields":[],"objectId":"5738133","subObjectId":"-1"},{"fields":[],"objectId":"5738134","subObjectId":"-1"},{"fields":[],"objectId":"5738135","subObjectId":"-1"},{"fields":[],"objectId":"5738137","subObjectId":"-1"},{"fields":[],"objectId":"5738138","subObjectId":"-1"},{"fields":[],"objectId":"5738139","subObjectId":"-1"}],"type":"FieldLabel"},{"rows":[{"fields":[],"objectId":"2059","subObjectId":"-1"},{"fields":[],"objectId":"5520202","subObjectId":"-1"},{"fields":[],"objectId":"20","subObjectId":"-1"}],"type":"ViewName"},{"rows":[{"fields":[],"objectId":"2063","subObjectId":"-1"}],"type":"ReportName"}]},"schema":{"groups":[],"revision":null,"subTable":{"5738136":{"fieldList":{"5738131":{"id":"5738131","label":"カテゴリ","properties":{"defaultValue":null,"noLabel":"false","options":[{"id":"5738129","label":"ライセンス","valid":true},{"id":"5738130","label":"オプション","valid":true}],"required":"false"},"type":"SINGLE_SELECT","var":"カテゴリ"},"5738132":{"id":"5738132","label":"製品","properties":{"defaultValue":null,"noLabel":"false","options":[{"id":"5738124","label":"kintone","valid":true},{"id":"5738125","label":"Garoon","valid":true},{"id":"5738126","label":"Office","valid":true},{"id":"5738140","label":"セキュアアクセス","valid":true}],"required":"false"},"type":"SINGLE_SELECT","var":"製品"},"5738133":{"id":"5738133","label":"単価","properties":{"defaultValue":"0","digit":"true","displayScale":null,"max":null,"min":null,"noLabel":"false","required":"false","roundingMode":null,"scale":null,"unique":"false","unit":"円","unitPosition":"AFTER"},"type":"DECIMAL","var":"単価"},"5738134":{"id":"5738134","label":"ユーザー数","properties":{"defaultValue":"0","digit":"false","displayScale":null,"max":null,"min":null,"noLabel":"false","required":"false","roundingMode":null,"scale":null,"unique":"false","unit":"","unitPosition":"BEFORE"},"type":"DECIMAL","var":"ユーザー数"},"5738135":{"id":"5738135","label":"小計","properties":{"displayScale":null,"expression":"単価*ユーザー数","format":"NUMBER_DIGIT","hideExpression":"false","noLabel":"false","required":"false","roundingMode":null,"scale":null,"unit":"円","unitPosition":"AFTER"},"type":"CALC","var":"小計"}},"id":"5738136","label":"Table","var":"Table"}},"table":{"fieldList":{"2032":{"id":"2032","label":"レコード番号","properties":{"noLabel":"false","required":"true"},"type":"RECORD_ID","var":"レコード番号"},"2033":{"id":"2033","label":"更新者","properties":{"noLabel":"false","required":"true"},"type":"MODIFIER","var":"更新者"},"2034":{"id":"2034","label":"作成者","properties":{"noLabel":"false","required":"true"},"type":"CREATOR","var":"作成者"},"2035":{"id":"2035","label":"更新日時","properties":{"noLabel":"false","required":"true"},"type":"MODIFIED_AT","var":"更新日時"},"2036":{"id":"2036","label":"作成日時","properties":{"noLabel":"false","required":"true"},"type":"CREATED_AT","var":"作成日時"},"2037":{"id":"2037","label":"ステータス","properties":{"noLabel":"false","required":"false"},"type":"STATUS","var":"ステータス"},"2038":{"id":"2038","label":"作業者","properties":{"noLabel":"false","required":"false"},"type":"STATUS_ASSIGNEE","var":"作業者"},"2039":{"id":"2039","label":"カテゴリー","properties":{"noLabel":"false","required":"false"},"type":"CATEGORY","var":"カテゴリー"},"2040":{"id":"2040","label":"顧客名","properties":{"defaultValue":"","expression":"","hideExpression":"false","max":null,"min":null,"noLabel":"false","required":"true","unique":"false"},"type":"SINGLE_LINE_TEXT","var":"顧客名"},"2041":{"id":"2041","label":"部署名","properties":{"defaultValue":"","expression":"","hideExpression":"false","max":null,"min":null,"noLabel":"false","required":"false","unique":"false"},"type":"SINGLE_LINE_TEXT","var":"部署名"},"2042":{"id":"2042","label":"担当者名","properties":{"defaultValue":"","expression":"","hideExpression":"false","max":null,"min":null,"noLabel":"false","required":"false","unique":"false"},"type":"SINGLE_LINE_TEXT","var":"担当者名"},"2050":{"id":"2050","label":"案件名","properties":{"defaultValue":"","expression":"","hideExpression":"false","max":"64","min":null,"noLabel":"false","required":"true","unique":"true"},"type":"SINGLE_LINE_TEXT","var":"案件名"},"2051":{"id":"2051","label":"詳細","properties":{"defaultValue":"","noLabel":"false","required":"false"},"type":"MULTIPLE_LINE_TEXT","var":"詳細"},"2052":{"id":"2052","label":"確度","properties":{"defaultValue":"5500189","noLabel":"false","options":[{"id":"5500189","label":"0%","valid":true},{"id":"5500188","label":"20%","valid":true},{"id":"2046","label":"40%","valid":true},{"id":"2045","label":"60%","valid":true},{"id":"2044","label":"80%","valid":true},{"id":"2043","label":"100%","valid":true}],"required":"true"},"type":"SINGLE_SELECT","var":"確度"},"2053":{"id":"2053","label":"受注予定日","properties":{"defaultExpression":null,"defaultValue":null,"noLabel":"false","required":"false","unique":"false"},"type":"DATE","var":"受注予定日"},"2054":{"id":"2054","label":"プラン費用","properties":{"defaultValue":"0","digit":"true","displayScale":null,"max":null,"min":null,"noLabel":"false","required":"false","roundingMode":null,"scale":null,"unique":"false","unit":"","unitPosition":"BEFORE"},"type":"DECIMAL","var":"プラン費用"},"2055":{"id":"2055","label":"商談担当者","properties":{"defaultEntities":[{"birthDate":null,"callto":"","code":"tomoko","ctime":"2015-04-13T07:46:00Z","dateTimeLocale":null,"description":"","email":"tomoko-miyake@cybozu.co.jp","employeeNumber":"1","employeeType":null,"entityType":"USER","extendedData":null,"extensionNumber":"","formattedDescription":"","givenName":"","givenNameReading":"","id":"1","initials":null,"isBuiltIn":false,"joinDate":null,"langLocale":null,"localName":"Tomoko Miyake","localNameLocale":"en","locale":"ja","middleName":null,"mobilePhone":"","mtime":"2019-11-27T15:23:18Z","name":"ミケ","numberLocale":null,"office":null,"phone":"","photo":{"small":"https://tomokomiyake.cybozu.com/api/user/photo.do/-/user.png?id=1&size=SMALL&hash=03c5fa20d6789c2c6e521f5cdb5740920b055524&.png","size_56":"https://tomokomiyake.cybozu.com/api/user/photo.do/-/user.png?id=1&size=SIZE_56&hash=03c5fa20d6789c2c6e521f5cdb5740920b055524&.png","normal":"https://tomokomiyake.cybozu.com/api/user/photo.do/-/user.png?id=1&size=NORMAL&hash=03c5fa20d6789c2c6e521f5cdb5740920b055524&.png","size_32":"https://tomokomiyake.cybozu.com/api/user/photo.do/-/user.png?id=1&size=SIZE_32&hash=03c5fa20d6789c2c6e521f5cdb5740920b055524&.png","original":"https://tomokomiyake.cybozu.com/api/user/photo.do/-/user.png?id=1&size=ORIGINAL&hash=03c5fa20d6789c2c6e521f5cdb5740920b055524&.png","original_r":"https://tomokomiyake.cybozu.com/api/user/photo.do/-/user.png?id=1&size=ORIGINAL_R&hash=03c5fa20d6789c2c6e521f5cdb5740920b055524&.png","size_40":"https://tomokomiyake.cybozu.com/api/user/photo.do/-/user.png?id=1&size=SIZE_40&hash=03c5fa20d6789c2c6e521f5cdb5740920b055524&.png","size_48_r":"https://tomokomiyake.cybozu.com/api/user/photo.do/-/user.png?id=1&size=SIZE_48_R&hash=03c5fa20d6789c2c6e521f5cdb5740920b055524&.png","size_48":"https://tomokomiyake.cybozu.com/api/user/photo.do/-/user.png?id=1&size=SIZE_48&hash=03c5fa20d6789c2c6e521f5cdb5740920b055524&.png","size_96_r":"https://tomokomiyake.cybozu.com/api/user/photo.do/-/user.png?id=1&size=SIZE_96_R&hash=03c5fa20d6789c2c6e521f5cdb5740920b055524&.png","size_24":"https://tomokomiyake.cybozu.com/api/user/photo.do/-/user.png?id=1&size=SIZE_24&hash=03c5fa20d6789c2c6e521f5cdb5740920b055524&.png"},"photoMd5":null,"photoMime":null,"primaryOrganization":null,"removed":false,"serviceFlags":null,"sortOrder":null,"surName":"","surNameReading":"","timezone":"Asia/Tokyo","url":"","valid":true}],"defaultSelect":[{"entityType":"LOGINUSER","id":"1","name":null}],"entities":[],"noLabel":"false","required":"false","select":[]},"type":"USER_SELECT","var":"商談担当者"},"5500195":{"id":"5500195","label":"提案プラン","properties":{"defaultValue":null,"noLabel":"false","options":[{"id":"5500182","label":"Aプラン","valid":true},{"id":"5500183","label":"Bプラン","valid":true},{"id":"5517795","label":"Cプラン","valid":true},{"id":"5517794","label":"その他","valid":true}],"required":"false"},"type":"SINGLE_SELECT","var":"提案プラン"},"5500196":{"id":"5500196","label":"オプション","properties":{"defaultValue":[],"noLabel":"false","options":[{"id":"5500184","label":"Xオプション","valid":true},{"id":"5500185","label":"Yオプション","valid":true},{"id":"5500186","label":"Zオプション","valid":true},{"id":"5500187","label":"sample4","valid":false}],"required":"false"},"type":"MULTIPLE_SELECT","var":"オプション"},"5500197":{"id":"5500197","label":"オプション費用","properties":{"defaultValue":"0","digit":"true","displayScale":null,"max":null,"min":null,"noLabel":"false","required":"false","roundingMode":null,"scale":null,"unique":"false","unit":"","unitPosition":"BEFORE"},"type":"DECIMAL","var":"オプション費用"},"5500198":{"id":"5500198","label":"初回商談日","properties":{"defaultExpression":"NOW","defaultValue":null,"noLabel":"false","required":"false","unique":"false"},"type":"DATE","var":"初回商談日"},"5517796":{"id":"5517796","label":"資料","properties":{"noLabel":"false","required":"false","thumbnailSize":"150"},"type":"FILE","var":"資料"},"5517835":{"id":"5517835","label":"合計費用","properties":{"displayScale":null,"expression":"プラン費用\u002Bオプション費用","format":"NUMBER_DIGIT","hideExpression":"false","noLabel":"false","required":"false","roundingMode":null,"scale":null,"unit":"","unitPosition":"BEFORE"},"type":"CALC","var":"合計費用"},"5517967":{"id":"5517967","label":"案件に紐付く活動履歴","properties":{"noLabel":"false","required":"false"},"type":"REFERENCE_TABLE","var":"案件に紐付く活動履歴"},"5517976":{"id":"5517976","label":"顧客管理レコード番号（関連レコード紐付け用）","properties":{"defaultValue":null,"digit":"false","displayScale":null,"max":null,"min":null,"noLabel":"false","required":"false","roundingMode":null,"scale":null,"unique":"false","unit":"","unitPosition":"BEFORE"},"type":"DECIMAL","var":"顧客管理レコード番号_関連レコード紐付け用"},"5738137":{"id":"5738137","label":"ライセンス小計","properties":{"defaultValue":"0","digit":"true","displayScale":null,"max":null,"min":null,"noLabel":"false","required":"false","roundingMode":null,"scale":null,"unique":"false","unit":"円","unitPosition":"AFTER"},"type":"DECIMAL","var":"ライセンス小計"},"5738138":{"id":"5738138","label":"オプション小計","properties":{"defaultValue":"0","digit":"true","displayScale":null,"max":null,"min":null,"noLabel":"false","required":"false","roundingMode":null,"scale":null,"unique":"false","unit":"円","unitPosition":"AFTER"},"type":"DECIMAL","var":"オプション小計"},"5738139":{"id":"5738139","label":"合計金額","properties":{"displayScale":null,"expression":"SUM(小計)","format":"NUMBER_DIGIT","hideExpression":"false","noLabel":"false","required":"false","roundingMode":null,"scale":null,"unit":"円","unitPosition":"AFTER"},"type":"CALC","var":"合計金額"}},"id":"1","label":"__ROOT__","var":"__ROOT__"}},"status":{"actions":[],"filters":[],"initialStateId":null,"states":[],"useStatus":"false"},"uuid":"237b3170-08cf-4d58-934d-886648f0c9d6","views":[{"advancedMode":"false","builtinType":null,"device":null,"fields":[{"row":[{"id":"2040"},{"id":"2050"},{"id":"2052"},{"id":"2053"},{"id":"2054"},{"id":"2055"}]}],"filter":{"category":null,"offset":null,"order":["DESC"],"q":null,"size":null,"sort":["f2036"]},"html":null,"keyFieldId":null,"name":"案件一覧","pager":null,"revision":null,"titleFieldId":null,"view":"2059","viewType":"LIST"},{"advancedMode":"false","builtinType":null,"device":null,"fields":[{"row":[{"id":"2040"},{"id":"2050"},{"id":"2052"},{"id":"2053"},{"id":"2054"},{"id":"2055"}]}],"filter":{"category":null,"offset":null,"order":["DESC"],"q":"f2052 in (\"2043\")","size":null,"sort":["f2036"]},"html":null,"keyFieldId":null,"name":"受注済","pager":null,"revision":null,"titleFieldId":null,"view":"5520202","viewType":"LIST"},{"advancedMode":null,"builtinType":"ALL","device":null,"fields":[{"row":[{"id":"2032"},{"id":"2040"},{"id":"2041"},{"id":"2042"},{"id":"2050"},{"id":"2051"},{"id":"2052"},{"id":"2053"},{"id":"2054"},{"id":"2055"},{"id":"5500195"},{"id":"5500196"},{"id":"5500197"},{"id":"5500198"},{"id":"5517796"},{"id":"5517835"},{"id":"5517976"},{"id":"5738137"},{"id":"5738138"},{"id":"5738139"}]}],"filter":{"category":null,"offset":null,"order":[],"q":null,"size":null,"sort":[]},"html":null,"keyFieldId":null,"name":"（すべて）","pager":null,"revision":null,"titleFieldId":null,"view":"20","viewType":"LIST"}]},{"acl":{"app":[],"field":[],"record":[]},"app":null,"category":{"categories":[],"useCategory":"false"},"form":{"layout":"[{\"id\":null,\"type\":\"ROW\",\"isSubTable\":false,\"var\":null,\"controlList\":[{\"label\":\"\\u003Cdiv\\u003E\\u003Cb\\u003E\\u003Cfont color=\\\"#0b5394\\\" size=\\\"4\\\"\\u003E活動履歴\\u003C/font\\u003E\\u003C/b\\u003E\\u003C/div\\u003E\",\"styleMap\":{\"width\":104},\"formatted\":\"\\u003Cdiv\\u003E\\u003Cb\\u003E\\u003Cfont color=\\\"#0b5394\\\" size=\\\"4\\\"\\u003E活動履歴\\u003C/font\\u003E\\u003C/b\\u003E\\u003C/div\\u003E\",\"type\":\"LABEL\"}]},{\"id\":null,\"type\":\"ROW\",\"isSubTable\":false,\"var\":null,\"controlList\":[{\"isVirtical\":true,\"styleMap\":{\"width\":120},\"type\":\"RECORD_ID\",\"var\":\"レコード番号\",\"label\":\"レコード番号\"}]},{\"id\":null,\"type\":\"ROW\",\"isSubTable\":false,\"var\":null,\"controlList\":[{\"isVirtical\":true,\"styleMap\":{\"width\":326},\"type\":\"SINGLE_LINE_TEXT\",\"var\":\"顧客名\",\"label\":\"顧客名\"},{\"isVirtical\":true,\"styleMap\":{\"width\":161},\"type\":\"SINGLE_LINE_TEXT\",\"var\":\"部署名\",\"label\":\"部署名\"},{\"isVirtical\":true,\"styleMap\":{\"width\":193},\"type\":\"SINGLE_LINE_TEXT\",\"var\":\"担当者名\",\"label\":\"担当者名\"}]},{\"id\":null,\"type\":\"ROW\",\"isSubTable\":false,\"var\":null,\"controlList\":[{\"isVirtical\":true,\"styleMap\":{\"width\":326},\"type\":\"SINGLE_LINE_TEXT\",\"var\":\"案件名\",\"label\":\"案件名\"},{\"isVirtical\":true,\"styleMap\":{},\"type\":\"REFERENCE_TABLE\",\"var\":\"案件詳細\",\"label\":\"案件詳細\"}]},{\"id\":null,\"type\":\"ROW\",\"isSubTable\":false,\"var\":null,\"controlList\":[{\"isVirtical\":true,\"styleMap\":{\"width\":117},\"type\":\"DATE\",\"var\":\"対応日時\",\"label\":\"対応日時\"},{\"isVirtical\":true,\"styleMap\":{\"width\":217},\"type\":\"SINGLE_SELECT\",\"var\":\"対応内容\",\"label\":\"対応内容\"},{\"isVirtical\":true,\"styleMap\":{\"width\":357},\"type\":\"USER_SELECT\",\"var\":\"対応者\",\"label\":\"対応者\"}]},{\"id\":null,\"type\":\"ROW\",\"isSubTable\":false,\"var\":null,\"controlList\":[{\"isVirtical\":true,\"styleMap\":{\"width\":680,\"height\":185,\"innerHeight\":148},\"type\":\"MULTIPLE_LINE_TEXT\",\"var\":\"商談メモ\",\"label\":\"商談メモ\"}]},{\"id\":null,\"type\":\"ROW\",\"isSubTable\":false,\"var\":null,\"controlList\":[{\"isVirtical\":true,\"styleMap\":{\"width\":207},\"type\":\"FILE\",\"var\":\"添付ファイル\",\"label\":\"添付ファイル\"}]},{\"id\":null,\"type\":\"ROW\",\"isSubTable\":false,\"var\":null,\"controlList\":[{\"styleMap\":{\"width\":680},\"type\":\"HR\"}]},{\"id\":null,\"type\":\"ROW\",\"isSubTable\":false,\"var\":null,\"controlList\":[{\"isVirtical\":true,\"styleMap\":{\"width\":372},\"type\":\"DECIMAL\",\"var\":\"案件管理レコード番号_関連レコード一覧紐付け用\",\"label\":\"案件管理レコード番号（関連レコード一覧紐付け用）\"}]},{\"id\":null,\"type\":\"ROW\",\"isSubTable\":false,\"var\":null,\"controlList\":[{\"isVirtical\":true,\"styleMap\":{\"width\":372},\"type\":\"DECIMAL\",\"var\":\"顧客管理レコード番号_関連レコード一覧紐付け用\",\"label\":\"顧客管理レコード番号（関連レコード一覧紐付け用）\"}]}]","revision":null},"iconMeta":{"internalName":null,"mime":"image/png","name":"議事録管理.png"},"info":{"automaticallyChooseTitleComponent":"false","code":null,"decimalPrecision":"16","decimalScale":"4","description":"\u003Cdiv\u003E顧客、案件に紐付けて活動の履歴を残すことができるアプリです。\u003Cbr /\u003E\u003C/div\u003E\u003Cdiv\u003E\u003Cdiv\u003E顧客管理、および案件管理アプリから情報をルックアップして関連付けることができます。\u003C/div\u003E\u003C/div\u003E\u003Cdiv\u003E\u003Cbr /\u003E\u003C/div\u003E\u003Cdiv\u003E本アプリは「顧客管理」「案件管理」と同じく、営業支援パックの構成アプリの一つです。\u003C/div\u003E\u003Cdiv\u003E営業支援パックの詳細説明は\u003Ca href=\"https://jp.cybozu.help/ja/k/user/sales_pack.html\" rel=\"nofollow\"\u003Eこちらのヘルプページ\u003C/a\u003Eをご参照ください。\u003C/div\u003E","enableBulkDeletion":"false","fiscalYearStartMonth":"4","iconKey":"10808","iconType":"BLOB","jsFiles":null,"jsScope":"ALL","name":"活動履歴_Okinawa","roundingMode":"HALF_EVEN","theme":"PLAIN","titleComponentLocalId":"5517797","useComment":"true","useHistory":"true","useThumbnail":"true"},"jsFiles":[],"notification":{"appNotifications":[{"events":["RECORD_COMMENT_ADDED"],"target":{"entityId":"5500202","entityType":"FIELD_ENTITY","includeSubs":"false"}},{"events":["RECORD_COMMENT_ADDED"],"target":{"entityId":"5500203","entityType":"FIELD_ENTITY","includeSubs":"false"}}],"recordNotifications":[],"reminderTimezone":null,"reminders":[],"useComment":"true","useReminder":"false"},"plugin":{"pluginIds":[]},"reports":[{"advancedMode":"false","filter":{"category":null,"offset":null,"order":[],"q":null,"size":null,"sort":[]},"isAborted":null,"name":"月別活動量推移","processType":null,"report":"5520204","reportType":"SUBTOTAL","revision":null,"settings":"{\"groups\":[{\"id\":\"5517813\",\"op\":\"YEAR_MONTH\"}],\"summaries\":[{\"op\":\"COUNT\",\"id\":null}],\"chartType\":\"line\",\"sort\":[\"g0\"],\"order\":[\"ASC\"]}","tallyPeriod":null,"tallyStartDateTime":null},{"advancedMode":"false","filter":{"category":null,"offset":null,"order":[],"q":null,"size":null,"sort":[]},"isAborted":null,"name":"対応内容別活動比率","processType":null,"report":"5520206","reportType":"SUBTOTAL","revision":null,"settings":"{\"groups\":[{\"id\":\"5517814\",\"op\":null}],\"summaries\":[{\"op\":\"COUNT\",\"id\":null}],\"chartType\":\"pie\",\"sort\":[\"g0\"],\"order\":[\"ASC\"]}","tallyPeriod":null,"tallyStartDateTime":null}],"resource":{"tables":[{"rows":[{"fields":[],"objectId":"0","subObjectId":"-1"}],"type":"AppName"},{"rows":[{"fields":[],"objectId":"0","subObjectId":"-1"}],"type":"AppDescription"},{"rows":[{"fields":[],"objectId":"5500201","subObjectId":"-1"},{"fields":[],"objectId":"5500202","subObjectId":"-1"},{"fields":[],"objectId":"5500203","subObjectId":"-1"},{"fields":[],"objectId":"5500204","subObjectId":"-1"},{"fields":[],"objectId":"5500205","subObjectId":"-1"},{"fields":[],"objectId":"5500206","subObjectId":"-1"},{"fields":[],"objectId":"5500207","subObjectId":"-1"},{"fields":[],"objectId":"5500208","subObjectId":"-1"},{"fields":[],"objectId":"5500213","subObjectId":"-1"},{"fields":[],"objectId":"5500215","subObjectId":"-1"},{"fields":[],"objectId":"5517797","subObjectId":"-1"},{"fields":[],"objectId":"5517812","subObjectId":"-1"},{"fields":[],"objectId":"5517813","subObjectId":"-1"},{"fields":[],"objectId":"5517814","subObjectId":"-1"},{"fields":[],"objectId":"5517814","subObjectId":"5517799"},{"fields":[],"objectId":"5517814","subObjectId":"5517798"},{"fields":[],"objectId":"5517814","subObjectId":"5517804"},{"fields":[],"objectId":"5517814","subObjectId":"5517801"},{"fields":[],"objectId":"5517814","subObjectId":"5517800"},{"fields":[],"objectId":"5517814","subObjectId":"5517803"},{"fields":[],"objectId":"5517814","subObjectId":"5517802"},{"fields":[],"objectId":"5517814","subObjectId":"5517805"},{"fields":[],"objectId":"5517815","subObjectId":"-1"},{"fields":[],"objectId":"5517816","subObjectId":"-1"},{"fields":[],"objectId":"5517822","subObjectId":"-1"},{"fields":[],"objectId":"5517823","subObjectId":"-1"},{"fields":[],"objectId":"5517975","subObjectId":"-1"},{"fields":[],"objectId":"5517977","subObjectId":"-1"}],"type":"FieldLabel"},{"rows":[{"fields":[],"objectId":"5517970","subObjectId":"-1"},{"fields":[],"objectId":"20","subObjectId":"-1"}],"type":"ViewName"},{"rows":[{"fields":[],"objectId":"5520204","subObjectId":"-1"},{"fields":[],"objectId":"5520206","subObjectId":"-1"}],"type":"ReportName"}]},"schema":{"groups":[],"revision":null,"subTable":{},"table":{"fieldList":{"5500201":{"id":"5500201","label":"レコード番号","properties":{"noLabel":"false","required":"true"},"type":"RECORD_ID","var":"レコード番号"},"5500202":{"id":"5500202","label":"更新者","properties":{"noLabel":"false","required":"true"},"type":"MODIFIER","var":"更新者"},"5500203":{"id":"5500203","label":"作成者","properties":{"noLabel":"false","required":"true"},"type":"CREATOR","var":"作成者"},"5500204":{"id":"5500204","label":"更新日時","properties":{"noLabel":"false","required":"true"},"type":"MODIFIED_AT","var":"更新日時"},"5500205":{"id":"5500205","label":"作成日時","properties":{"noLabel":"false","required":"true"},"type":"CREATED_AT","var":"作成日時"},"5500206":{"id":"5500206","label":"ステータス","properties":{"noLabel":"false","required":"false"},"type":"STATUS","var":"ステータス"},"5500207":{"id":"5500207","label":"作業者","properties":{"noLabel":"false","required":"false"},"type":"STATUS_ASSIGNEE","var":"作業者"},"5500208":{"id":"5500208","label":"カテゴリー","properties":{"noLabel":"false","required":"false"},"type":"CATEGORY","var":"カテゴリー"},"5500213":{"id":"5500213","label":"部署名","properties":{"defaultValue":"","expression":"","hideExpression":"false","max":null,"min":null,"noLabel":"false","required":"false","unique":"false"},"type":"SINGLE_LINE_TEXT","var":"部署名"},"5500215":{"id":"5500215","label":"商談メモ","properties":{"defaultValue":"","noLabel":"false","required":"false"},"type":"MULTIPLE_LINE_TEXT","var":"商談メモ"},"5517797":{"id":"5517797","label":"顧客名","properties":{"defaultValue":"","expression":"","hideExpression":"false","max":null,"min":null,"noLabel":"false","required":"false","unique":"false"},"type":"SINGLE_LINE_TEXT","var":"顧客名"},"5517812":{"id":"5517812","label":"担当者名","properties":{"defaultValue":"","expression":"","hideExpression":"false","max":null,"min":null,"noLabel":"false","required":"false","unique":"false"},"type":"SINGLE_LINE_TEXT","var":"担当者名"},"5517813":{"id":"5517813","label":"対応日時","properties":{"defaultExpression":"NOW","defaultValue":null,"noLabel":"false","required":"false","unique":"false"},"type":"DATE","var":"対応日時"},"5517814":{"id":"5517814","label":"対応内容","properties":{"defaultValue":null,"noLabel":"false","options":[{"id":"5517799","label":"問い合わせ","valid":true},{"id":"5517798","label":"ご挨拶","valid":true},{"id":"5517804","label":"商談","valid":true},{"id":"5517801","label":"フェア","valid":true},{"id":"5517800","label":"セミナー","valid":true},{"id":"5517803","label":"見積提示","valid":true},{"id":"5517802","label":"注文書回収","valid":true},{"id":"5517805","label":"その他","valid":true}],"required":"false"},"type":"SINGLE_SELECT","var":"対応内容"},"5517815":{"id":"5517815","label":"対応者","properties":{"defaultEntities":[{"birthDate":null,"callto":"","code":"tomoko","ctime":"2015-04-13T07:46:00Z","dateTimeLocale":null,"description":"","email":"tomoko-miyake@cybozu.co.jp","employeeNumber":"1","employeeType":null,"entityType":"USER","extendedData":null,"extensionNumber":"","formattedDescription":"","givenName":"","givenNameReading":"","id":"1","initials":null,"isBuiltIn":false,"joinDate":null,"langLocale":null,"localName":"Tomoko Miyake","localNameLocale":"en","locale":"ja","middleName":null,"mobilePhone":"","mtime":"2019-11-27T15:23:18Z","name":"ミケ","numberLocale":null,"office":null,"phone":"","photo":{"small":"https://tomokomiyake.cybozu.com/api/user/photo.do/-/user.png?id=1&size=SMALL&hash=03c5fa20d6789c2c6e521f5cdb5740920b055524&.png","size_56":"https://tomokomiyake.cybozu.com/api/user/photo.do/-/user.png?id=1&size=SIZE_56&hash=03c5fa20d6789c2c6e521f5cdb5740920b055524&.png","normal":"https://tomokomiyake.cybozu.com/api/user/photo.do/-/user.png?id=1&size=NORMAL&hash=03c5fa20d6789c2c6e521f5cdb5740920b055524&.png","size_32":"https://tomokomiyake.cybozu.com/api/user/photo.do/-/user.png?id=1&size=SIZE_32&hash=03c5fa20d6789c2c6e521f5cdb5740920b055524&.png","original":"https://tomokomiyake.cybozu.com/api/user/photo.do/-/user.png?id=1&size=ORIGINAL&hash=03c5fa20d6789c2c6e521f5cdb5740920b055524&.png","original_r":"https://tomokomiyake.cybozu.com/api/user/photo.do/-/user.png?id=1&size=ORIGINAL_R&hash=03c5fa20d6789c2c6e521f5cdb5740920b055524&.png","size_40":"https://tomokomiyake.cybozu.com/api/user/photo.do/-/user.png?id=1&size=SIZE_40&hash=03c5fa20d6789c2c6e521f5cdb5740920b055524&.png","size_48_r":"https://tomokomiyake.cybozu.com/api/user/photo.do/-/user.png?id=1&size=SIZE_48_R&hash=03c5fa20d6789c2c6e521f5cdb5740920b055524&.png","size_48":"https://tomokomiyake.cybozu.com/api/user/photo.do/-/user.png?id=1&size=SIZE_48&hash=03c5fa20d6789c2c6e521f5cdb5740920b055524&.png","size_96_r":"https://tomokomiyake.cybozu.com/api/user/photo.do/-/user.png?id=1&size=SIZE_96_R&hash=03c5fa20d6789c2c6e521f5cdb5740920b055524&.png","size_24":"https://tomokomiyake.cybozu.com/api/user/photo.do/-/user.png?id=1&size=SIZE_24&hash=03c5fa20d6789c2c6e521f5cdb5740920b055524&.png"},"photoMd5":null,"photoMime":null,"primaryOrganization":null,"removed":false,"serviceFlags":null,"sortOrder":null,"surName":"","surNameReading":"","timezone":"Asia/Tokyo","url":"","valid":true}],"defaultSelect":[{"entityType":"LOGINUSER","id":"1","name":null}],"entities":[],"noLabel":"false","required":"false","select":[]},"type":"USER_SELECT","var":"対応者"},"5517816":{"id":"5517816","label":"添付ファイル","properties":{"noLabel":"false","required":"false","thumbnailSize":"150"},"type":"FILE","var":"添付ファイル"},"5517822":{"id":"5517822","label":"案件名","properties":{"defaultValue":"","expression":"","hideExpression":"false","max":null,"min":null,"noLabel":"false","required":"false","unique":"false"},"type":"SINGLE_LINE_TEXT","var":"案件名"},"5517823":{"id":"5517823","label":"案件詳細","properties":{"noLabel":"false","required":"false"},"type":"REFERENCE_TABLE","var":"案件詳細"},"5517975":{"id":"5517975","label":"案件管理レコード番号（関連レコード一覧紐付け用）","properties":{"defaultValue":null,"digit":"false","displayScale":null,"max":null,"min":null,"noLabel":"false","required":"false","roundingMode":null,"scale":null,"unique":"false","unit":"","unitPosition":"BEFORE"},"type":"DECIMAL","var":"案件管理レコード番号_関連レコード一覧紐付け用"},"5517977":{"id":"5517977","label":"顧客管理レコード番号（関連レコード一覧紐付け用）","properties":{"defaultValue":null,"digit":"false","displayScale":null,"max":null,"min":null,"noLabel":"false","required":"false","roundingMode":null,"scale":null,"unique":"false","unit":"","unitPosition":"BEFORE"},"type":"DECIMAL","var":"顧客管理レコード番号_関連レコード一覧紐付け用"}},"id":"1","label":"__ROOT__","var":"__ROOT__"}},"status":{"actions":[],"filters":[],"initialStateId":null,"states":[],"useStatus":"false"},"uuid":"b050958c-f5cf-46e9-91e1-a3b90c51f8d3","views":[{"advancedMode":"false","builtinType":null,"device":null,"fields":[{"row":[{"id":"5517813"},{"id":"5517815"},{"id":"5517797"},{"id":"5517822"},{"id":"5517814"},{"id":"5500215"},{"id":"5517816"}]}],"filter":{"category":null,"offset":null,"order":["DESC"],"q":null,"size":null,"sort":["f5517813"]},"html":null,"keyFieldId":null,"name":"活動一覧","pager":null,"revision":null,"titleFieldId":null,"view":"5517970","viewType":"LIST"},{"advancedMode":null,"builtinType":"ALL","device":null,"fields":[{"row":[{"id":"5500201"},{"id":"5500213"},{"id":"5500215"},{"id":"5517797"},{"id":"5517812"},{"id":"5517813"},{"id":"5517814"},{"id":"5517815"},{"id":"5517816"},{"id":"5517822"},{"id":"5517975"},{"id":"5517977"}]}],"filter":{"category":null,"offset":null,"order":[],"q":null,"size":null,"sort":[]},"html":null,"keyFieldId":null,"name":"（すべて）","pager":null,"revision":null,"titleFieldId":null,"view":"20","viewType":"LIST"}]}],"description":"","iconKey":"2019121217114607D04184312943E680B2C778EEA465B3308","iconMeta":{"internalName":null,"mime":"image/png","name":"案件管理.png"},"iconSrcAppId":"105ac870-e0a8-45e0-8bff-d5e4ad54c4bf","iconType":"BLOB","imagesMeta":[],"lookups":[{"actingAppId":"105ac870-e0a8-45e0-8bff-d5e4ad54c4bf","fieldMappings":[{"fieldId":"2041","targetFieldId":"2022"},{"fieldId":"2042","targetFieldId":"5517966"},{"fieldId":"5517976","targetFieldId":"2008"}],"keyMapping":{"fieldId":"2040","targetFieldId":"2019"},"listFields":["2019","2022","2025"],"query":{"category":null,"offset":null,"order":["desc"],"q":"order by f2008 desc","size":null,"sort":["f2008"]},"targetAppId":"7a566f09-5351-4d62-8f05-605030db882e"},{"actingAppId":"237b3170-08cf-4d58-934d-886648f0c9d6","fieldMappings":[{"fieldId":"2041","targetFieldId":"2022"},{"fieldId":"2042","targetFieldId":"5517966"},{"fieldId":"5517976","targetFieldId":"2008"}],"keyMapping":{"fieldId":"2040","targetFieldId":"2019"},"listFields":["2019","2022","2025"],"query":{"category":null,"offset":null,"order":["desc"],"q":"order by f2008 desc","size":null,"sort":["f2008"]},"targetAppId":"7a566f09-5351-4d62-8f05-605030db882e"},{"actingAppId":"b050958c-f5cf-46e9-91e1-a3b90c51f8d3","fieldMappings":[{"fieldId":"5500213","targetFieldId":"2022"},{"fieldId":"5517812","targetFieldId":"5517966"},{"fieldId":"5517977","targetFieldId":"2008"}],"keyMapping":{"fieldId":"5517797","targetFieldId":"2019"},"listFields":["2019","2022","5517966"],"query":{"category":null,"offset":null,"order":["desc"],"q":"order by f2008 desc","size":null,"sort":["f2008"]},"targetAppId":"7a566f09-5351-4d62-8f05-605030db882e"},{"actingAppId":"b050958c-f5cf-46e9-91e1-a3b90c51f8d3","fieldMappings":[{"fieldId":"5517975","targetFieldId":"2032"}],"keyMapping":{"fieldId":"5517822","targetFieldId":"2050"},"listFields":["2036","2040","2050"],"query":{"category":null,"offset":null,"order":["desc"],"q":"order by f2032 desc","size":null,"sort":["f2032"]},"targetAppId":"237b3170-08cf-4d58-934d-886648f0c9d6"}],"name":"案件管理_Okinawa_LT","references":[{"actingAppId":"105ac870-e0a8-45e0-8bff-d5e4ad54c4bf","filterInputFieldId":"2032","filterMasterFieldId":"5517975","masterFieldIds":["5517813","5517814","5500215"],"query":{"category":null,"offset":null,"order":["asc"],"q":"order by f5517813 asc","size":null,"sort":["f5517813"]},"size":"5","targetAppId":"b050958c-f5cf-46e9-91e1-a3b90c51f8d3","vtComponentLocalId":"5517967"},{"actingAppId":"7a566f09-5351-4d62-8f05-605030db882e","filterInputFieldId":"2008","filterMasterFieldId":"5517976","masterFieldIds":["2050","2052","2053","5517835","2055"],"query":{"category":null,"offset":null,"order":["asc"],"q":"order by f5500198 asc","size":null,"sort":["f5500198"]},"size":"5","targetAppId":"237b3170-08cf-4d58-934d-886648f0c9d6","vtComponentLocalId":"2060"},{"actingAppId":"7a566f09-5351-4d62-8f05-605030db882e","filterInputFieldId":"2008","filterMasterFieldId":"5517977","masterFieldIds":["5500213","5517812","5517813","5517814","5517815","5517816"],"query":{"category":null,"offset":null,"order":["asc"],"q":"order by f5517813 asc","size":null,"sort":["f5517813"]},"size":"5","targetAppId":"b050958c-f5cf-46e9-91e1-a3b90c51f8d3","vtComponentLocalId":"5517818"},{"actingAppId":"237b3170-08cf-4d58-934d-886648f0c9d6","filterInputFieldId":"2032","filterMasterFieldId":"5517975","masterFieldIds":["5517813","5517814","5500215"],"query":{"category":null,"offset":null,"order":["asc"],"q":"order by f5517813 asc","size":null,"sort":["f5517813"]},"size":"5","targetAppId":"b050958c-f5cf-46e9-91e1-a3b90c51f8d3","vtComponentLocalId":"5517967"},{"actingAppId":"b050958c-f5cf-46e9-91e1-a3b90c51f8d3","filterInputFieldId":"5517975","filterMasterFieldId":"2032","masterFieldIds":["2052","2053","5500195","5500196","5517835"],"query":{"category":null,"offset":null,"order":["desc"],"q":"order by f2032 desc","size":null,"sort":["f2032"]},"size":"5","targetAppId":"237b3170-08cf-4d58-934d-886648f0c9d6","vtComponentLocalId":"5517823"}],"version":"27"}